,combo,score,Train Deviation,Val Deviation,Test Deviation,Train AIC,Val AIC,Test AIC,Val BIC,Test BIC,Train llh,Val llh,Test llh
0,['Behind Assists BTRS'],0.13443750507819385,11807.705067651026,2541.3672810073404,2529.4939367402476,92811.63561020934,19922.810225568966,19890.936881301874,19946.083544421122,19914.20681834779,-46403.81780510467,-9959.405112784483,-9943.468440650937
0,"['Behind Assists BTRS', 'Behind Assists OTRS', 'Contested Possessions BTRS', 'Contested Possessions OTRS', 'Disposals BTRS', 'Disposals OTRS', 'Effective Disposals BTRS', 'Effective Disposals OTRS', 'Handballs BTRS', 'Hitouts OTRS', 'Ineffective Disposals BTRS', 'Ineffective Disposals OTRS', 'Kicks BTRS', 'Kicks OTRS', 'Metres Gained BTRS', 'Metres Gained OTRS', 'Score Involvements BTRS', 'Score Involvements OTRS', 'Turnovers OTRS', 'Uncontested Possessions BTRS', 'Uncontested Possessions OTRS']",2.651769281355852,2650.1677448368428,573.4030539719788,569.2290092340882,83654.09828739516,17954.845998533605,17930.671953795714,17978.11931738576,17953.94189084163,-41825.04914369758,-8975.422999266802,-8963.335976897857
0,"['Behind Assists BTRS', 'Behind Assists OTRS', 'Contested Possessions BTRS', 'Contested Possessions OTRS', 'Disposals BTRS', 'Disposals OTRS', 'Effective Disposals BTRS', 'Effective Disposals OTRS', 'Handballs BTRS', 'Hitouts OTRS', 'Ineffective Disposals BTRS', 'Ineffective Disposals OTRS', 'Kicks BTRS', 'Kicks OTRS', 'Metres Gained BTRS', 'Metres Gained OTRS', 'Score Involvements BTRS', 'Score Involvements OTRS', 'Uncontested Possessions BTRS', 'Uncontested Possessions OTRS']",2.5514252008776857,2668.5087626241293,577.5570310966978,573.0154789442349,83672.43930518244,17958.999975658324,17934.45842350586,17982.27329451048,17957.728360551777,-41834.21965259122,-8977.499987829162,-8965.22921175293
0,"['Behind Assists BTRS', 'Behind Assists OTRS', 'Contested Possessions BTRS', 'Contested Possessions OTRS', 'Disposals BTRS', 'Disposals OTRS', 'Effective Disposals BTRS', 'Effective Disposals OTRS', 'Handballs BTRS', 'Hitouts OTRS', 'Ineffective Disposals BTRS', 'Kicks BTRS', 'Kicks OTRS', 'Metres Gained BTRS', 'Metres Gained OTRS', 'Score Involvements BTRS', 'Score Involvements OTRS', 'Uncontested Possessions BTRS']",2.3379290397656503,2668.804858007512,577.338130322205,573.4310589678935,83672.73540056583,17958.78107488383,17934.87400352952,17982.054393735987,17958.143940575435,-41834.36770028291,-8977.390537441916,-8965.43700176476
0,"['Behind Assists BTRS', 'Behind Assists OTRS', 'Contested Possessions BTRS', 'Contested Possessions OTRS', 'Disposals BTRS', 'Disposals OTRS', 'Effective Disposals BTRS', 'Effective Disposals OTRS', 'Handballs BTRS', 'Hitouts OTRS', 'Ineffective Disposals BTRS', 'Kicks BTRS', 'Kicks OTRS', 'Metres Gained BTRS', 'Metres Gained OTRS', 'Score Involvements BTRS', 'Score Involvements OTRS', 'Uncontested Possessions BTRS', 'Uncontested Possessions OTRS']",2.4453546567778233,2668.5839510520163,577.4835640299898,573.4800642958398,83672.51449361033,17958.926508591616,17934.923008857466,17982.199827443772,17958.19294590338,-41834.257246805166,-8977.463254295808,-8965.461504428733
0,"['Behind Assists BTRS', 'Behind Assists OTRS', 'Contested Possessions BTRS', 'Contested Possessions OTRS', 'Disposals BTRS', 'Disposals OTRS', 'Effective Disposals BTRS', 'Effective Disposals OTRS', 'Hitouts OTRS', 'Ineffective Disposals BTRS', 'Ineffective Disposals OTRS', 'Kicks BTRS', 'Kicks OTRS', 'Metres Gained BTRS', 'Metres Gained OTRS', 'Score Involvements BTRS', 'Score Involvements OTRS', 'Turnovers OTRS', 'Uncontested Possessions BTRS', 'Uncontested Possessions OTRS']",2.5488378602731045,2653.355402457615,572.0074235885368,569.0968130683723,83657.28594501593,17953.450368150163,17930.53975763,17976.72368700232,17953.809694675914,-41826.642972507965,-8974.725184075081,-8963.269878815
0,"['Behind Assists BTRS', 'Behind Assists OTRS', 'Contested Possessions BTRS', 'Contested Possessions OTRS', 'Disposals BTRS', 'Disposals OTRS', 'Effective Disposals BTRS', 'Effective Disposals OTRS', 'Hitouts OTRS', 'Ineffective Disposals BTRS', 'Ineffective Disposals OTRS', 'Kicks BTRS', 'Kicks OTRS', 'Metres Gained BTRS', 'Metres Gained OTRS', 'Score Involvements BTRS', 'Score Involvements OTRS', 'Uncontested Possessions BTRS']",2.3410681627827654,2672.707458309349,576.2573923317032,572.6262178719444,83676.63800086766,17957.70033689333,17934.06916243357,17980.973655745485,17957.339099479486,-41836.31900043383,-8976.850168446665,-8965.034581216785
0,"['Behind Assists BTRS', 'Behind Assists OTRS', 'Contested Possessions BTRS', 'Contested Possessions OTRS', 'Disposals BTRS', 'Disposals OTRS', 'Effective Disposals BTRS', 'Effective Disposals OTRS', 'Hitouts OTRS', 'Ineffective Disposals BTRS', 'Ineffective Disposals OTRS', 'Kicks BTRS', 'Kicks OTRS', 'Metres Gained BTRS', 'Metres Gained OTRS', 'Score Involvements BTRS', 'Score Involvements OTRS', 'Uncontested Possessions BTRS', 'Uncontested Possessions OTRS']",2.4484937797949384,2672.385972912176,576.4559022758731,572.6291418123437,83676.31651547049,17957.8988468375,17934.07208637397,17981.172165689655,17957.342023419886,-41836.158257735246,-8976.94942341875,-8965.036043186985
0,"['Behind Assists BTRS', 'Behind Assists OTRS', 'Contested Possessions BTRS', 'Contested Possessions OTRS', 'Disposals BTRS', 'Disposals OTRS', 'Effective Disposals BTRS', 'Effective Disposals OTRS', 'Hitouts OTRS', 'Ineffective Disposals BTRS', 'Kicks BTRS', 'Kicks OTRS', 'Metres Gained BTRS', 'Metres Gained OTRS', 'Score Involvements BTRS', 'Score Involvements OTRS', 'Turnovers OTRS', 'Uncontested Possessions BTRS']",2.335341699161069,2653.5634390727064,571.8256546295597,569.5233854521794,83657.49398163102,17953.268599191186,17930.966330013805,17976.541918043342,17954.23626705972,-41826.74699081551,-8974.634299595593,-8963.483165006903
0,"['Behind Assists BTRS', 'Behind Assists OTRS', 'Contested Possessions BTRS', 'Contested Possessions OTRS', 'Disposals BTRS', 'Disposals OTRS', 'Effective Disposals BTRS', 'Effective Disposals OTRS', 'Hitouts OTRS', 'Ineffective Disposals BTRS', 'Kicks BTRS', 'Kicks OTRS', 'Metres Gained BTRS', 'Metres Gained OTRS', 'Score Involvements BTRS', 'Score Involvements OTRS', 'Turnovers OTRS', 'Uncontested Possessions BTRS', 'Uncontested Possessions OTRS']",2.442767316173242,2653.3472102231754,572.0285342056704,569.4328110909119,83657.27775278149,17953.471478767297,17930.875755652538,17976.744797619453,17954.145692698454,-41826.638876390745,-8974.735739383648,-8963.437877826269
0,"['Behind Assists BTRS', 'Behind Assists OTRS', 'Contested Possessions BTRS', 'Contested Possessions OTRS', 'Disposals BTRS', 'Disposals OTRS', 'Effective Disposals BTRS', 'Effective Disposals OTRS', 'Hitouts OTRS', 'Ineffective Disposals BTRS', 'Kicks BTRS', 'Kicks OTRS', 'Metres Gained BTRS', 'Metres Gained OTRS', 'Score Involvements BTRS', 'Score Involvements OTRS', 'Uncontested Possessions BTRS']",2.234997618682903,2672.7801322139276,576.2425092672966,573.0675224003317,83676.71067477224,17957.685453828923,17934.510466961958,17980.95877268108,17957.780404007874,-41836.35533738612,-8976.842726914461,-8965.255233480979
0,"['Behind Assists BTRS', 'Behind Assists OTRS', 'Contested Possessions BTRS', 'Contested Possessions OTRS', 'Disposals BTRS', 'Disposals OTRS', 'Effective Disposals BTRS', 'Effective Disposals OTRS', 'Hitouts OTRS', 'Ineffective Disposals BTRS', 'Kicks BTRS', 'Kicks OTRS', 'Metres Gained BTRS', 'Metres Gained OTRS', 'Score Involvements BTRS', 'Score Involvements OTRS', 'Uncontested Possessions BTRS', 'Uncontested Possessions OTRS']",2.342423235695076,2672.509124713397,576.3975443718955,573.0795327972046,83676.43966727171,17957.84048893352,17934.52247735883,17981.113807785678,17957.792414404747,-41836.219833635856,-8976.92024446676,-8965.261238679415
0,"['Behind Assists BTRS', 'Behind Assists OTRS', 'Contested Possessions BTRS', 'Contested Possessions OTRS', 'Disposals BTRS', 'Disposals OTRS', 'Effective Disposals BTRS', 'Effective Disposals OTRS', 'Hitouts OTRS', 'Kicks BTRS', 'Kicks OTRS', 'Metres Gained BTRS', 'Metres Gained OTRS', 'Score Involvements BTRS', 'Score Involvements OTRS', 'Uncontested Possessions BTRS']",2.123842713480394,2673.417582826165,576.6133778089606,573.019422959067,83677.34812538448,17958.056322370587,17934.462367520693,17981.329641222743,17957.73230456661,-41836.67406269224,-8977.028161185293,-8965.231183760347
0,"['Behind Assists BTRS', 'Behind Assists OTRS', 'Contested Possessions BTRS', 'Contested Possessions OTRS', 'Disposals BTRS', 'Disposals OTRS', 'Effective Disposals BTRS', 'Effective Disposals OTRS', 'Hitouts OTRS', 'Kicks BTRS', 'Kicks OTRS', 'Metres Gained BTRS', 'Metres Gained OTRS', 'Score Involvements BTRS', 'Uncontested Possessions BTRS']",2.01158935818012,2673.7023839272006,576.2856786830635,573.005010566576,83677.63292648552,17957.72862324469,17934.447955128202,17981.001942096846,17957.717892174118,-41836.81646324276,-8976.864311622345,-8965.223977564101
0,"['Behind Assists BTRS', 'Behind Assists OTRS', 'Contested Possessions BTRS', 'Contested Possessions OTRS', 'Disposals BTRS', 'Disposals OTRS', 'Effective Disposals BTRS', 'Effective Disposals OTRS', 'Kicks BTRS', 'Kicks OTRS', 'Metres Gained BTRS', 'Metres Gained OTRS', 'Score Involvements BTRS', 'Uncontested Possessions BTRS']",1.8921333945392402,5237.923948903423,1154.8322101574413,1126.6407218942695,86241.85449146174,18536.275154719067,18488.083666455896,18559.548473571223,18511.35360350181,-43118.92724573087,-9266.137577359534,-9242.041833227948
0,"['Behind Assists BTRS', 'Behind Assists OTRS', 'Contested Possessions BTRS', 'Contested Possessions OTRS', 'Disposals BTRS', 'Disposals OTRS', 'Effective Disposals BTRS', 'Effective Disposals OTRS', 'Kicks BTRS', 'Kicks OTRS', 'Metres Gained BTRS', 'Score Involvements BTRS']",1.6520352687602873,6353.945688877662,1371.7511875741911,1355.722432148792,87357.87623143598,18753.194132135817,18717.165376710418,18776.467450987973,18740.435313756334,-43676.93811571799,-9374.597066067909,-9356.582688355209
0,"['Behind Assists BTRS', 'Behind Assists OTRS', 'Contested Possessions BTRS', 'Contested Possessions OTRS', 'Disposals BTRS', 'Disposals OTRS', 'Effective Disposals BTRS', 'Effective Disposals OTRS', 'Kicks BTRS', 'Kicks OTRS', 'Metres Gained BTRS', 'Score Involvements BTRS', 'Uncontested Possessions BTRS']",1.7724166608533796,5236.25570055531,1154.4570461871772,1126.4909089791436,86240.18624311363,18535.899990748803,18487.93385354077,18559.17330960096,18511.203790586685,-43118.09312155681,-9265.949995374402,-9241.966926770385
0,"['Behind Assists BTRS', 'Behind Assists OTRS', 'Contested Possessions BTRS', 'Disposals BTRS', 'Disposals OTRS', 'Effective Disposals BTRS', 'Effective Disposals OTRS', 'Kicks BTRS', 'Kicks OTRS', 'Metres Gained BTRS', 'Score Involvements BTRS']",1.5274535439227566,6379.993204199127,1380.5848146625358,1364.3747400212378,87383.92374675744,18762.027759224162,18725.817684582864,18785.301078076318,18749.08762162878,-43689.96187337872,-9379.013879612081,-9360.908842291432
0,"['Behind Assists BTRS', 'Behind Assists OTRS', 'Contested Possessions BTRS', 'Disposals BTRS', 'Disposals OTRS', 'Effective Disposals BTRS', 'Effective Disposals OTRS', 'Kicks BTRS', 'Kicks OTRS', 'Score Involvements BTRS']",1.3973408097857718,6544.161153634617,1412.1301463894488,1400.251045483943,87548.09169619293,18793.573090951075,18761.69399004557,18816.84640980323,18784.963927091485,-43772.045848096466,-9394.786545475537,-9378.846995022785
0,"['Behind Assists BTRS', 'Behind Assists OTRS', 'Contested Possessions BTRS', 'Disposals BTRS', 'Disposals OTRS', 'Effective Disposals BTRS', 'Kicks BTRS', 'Kicks OTRS', 'Score Involvements BTRS']",1.2634901068315616,6544.41919587212,1411.1967335803492,1402.128102393548,87548.34973843044,18792.639678141975,18763.571046955174,18815.91299699413,18786.84098400109,-43772.17486921522,-9394.319839070988,-9379.785523477587
0,"['Behind Assists BTRS', 'Behind Assists OTRS', 'Disposals BTRS', 'Disposals OTRS', 'Effective Disposals BTRS', 'Kicks BTRS', 'Kicks OTRS', 'Score Involvements BTRS']",1.1296122545016165,7333.878384910015,1582.697933850297,1574.2360244057563,88337.80892746833,18964.140878411923,18935.678968967382,18987.41419726408,18958.9489060133,-44166.904463734165,-9480.070439205962,-9465.839484483691
0,"['Behind Assists BTRS', 'Contested Possessions BTRS', 'Contested Possessions OTRS', 'Disposals BTRS', 'Disposals OTRS', 'Effective Disposals BTRS', 'Effective Disposals OTRS', 'Handballs BTRS', 'Hitouts OTRS', 'Ineffective Disposals BTRS', 'Kicks BTRS', 'Kicks OTRS', 'Metres Gained BTRS', 'Metres Gained OTRS', 'Score Involvements BTRS', 'Score Involvements OTRS', 'Uncontested Possessions BTRS']",2.2281739546284487,2668.797884483618,577.2964227534685,573.4385303426861,83672.72842704193,17958.739367315095,17934.881474904312,17982.01268616725,17958.151411950228,-41834.36421352097,-8977.369683657547,-8965.440737452156
0,"['Behind Assists BTRS', 'Contested Possessions BTRS', 'Contested Possessions OTRS', 'Disposals BTRS', 'Disposals OTRS', 'Effective Disposals BTRS', 'Effective Disposals OTRS', 'Handballs BTRS', 'Hitouts OTRS', 'Kicks BTRS', 'Kicks OTRS', 'Metres Gained BTRS', 'Metres Gained OTRS', 'Score Involvements BTRS', 'Score Involvements OTRS', 'Uncontested Possessions BTRS']",2.1170190494259398,2669.074926885296,577.3644793085441,573.4091989547487,83673.00546944361,17958.80742387017,17934.852143516375,17982.080742722326,17958.12208056229,-41834.502734721806,-8977.403711935085,-8965.426071758187
0,"['Behind Assists BTRS', 'Contested Possessions BTRS', 'Contested Possessions OTRS', 'Disposals BTRS', 'Disposals OTRS', 'Effective Disposals BTRS', 'Effective Disposals OTRS', 'Handballs BTRS', 'Hitouts OTRS', 'Kicks BTRS', 'Kicks OTRS', 'Metres Gained BTRS', 'Metres Gained OTRS', 'Score Involvements BTRS', 'Uncontested Possessions BTRS']",2.0047656941256657,2669.8406337035995,576.6703849472251,572.8749077931025,83673.77117626191,17958.11332950885,17934.31785235473,17981.386648361007,17957.587789400644,-41834.88558813096,-8977.056664754426,-8965.158926177364
0,"['Behind Assists BTRS', 'Contested Possessions BTRS', 'Contested Possessions OTRS', 'Disposals BTRS', 'Disposals OTRS', 'Effective Disposals BTRS', 'Effective Disposals OTRS', 'Handballs BTRS', 'Kicks BTRS', 'Kicks OTRS', 'Metres Gained BTRS', 'Metres Gained OTRS', 'Score Involvements BTRS', 'Uncontested Possessions BTRS']",1.885309730484786,4670.387180582329,1028.230837117022,1002.681738095358,85674.31772314064,18409.673781678648,18364.124682656984,18432.947100530804,18387.3946197029,-42835.15886157032,-9202.836890839324,-9180.062341328492
0,"['Behind Assists BTRS', 'Contested Possessions BTRS', 'Contested Possessions OTRS', 'Disposals BTRS', 'Disposals OTRS', 'Effective Disposals BTRS', 'Effective Disposals OTRS', 'Handballs BTRS', 'Kicks BTRS', 'Kicks OTRS', 'Metres Gained BTRS', 'Score Involvements BTRS']",1.645211604705833,4877.763860456529,1060.0442565610974,1048.0687731709804,85881.69440301484,18441.487201122723,18409.511717732606,18464.76051997488,18432.781654778522,-42938.84720150742,-9218.743600561362,-9202.755858866303
0,"['Behind Assists BTRS', 'Contested Possessions BTRS', 'Contested Possessions OTRS', 'Disposals BTRS', 'Disposals OTRS', 'Effective Disposals BTRS', 'Effective Disposals OTRS', 'Handballs BTRS', 'Kicks BTRS', 'Kicks OTRS', 'Metres Gained BTRS', 'Score Involvements BTRS', 'Uncontested Possessions BTRS']",1.7655929967989252,4668.732454853627,1027.7319805715051,1002.3013630028254,85672.66299741194,18409.17492513313,18363.74430756445,18432.448243985287,18387.014244610367,-42834.33149870597,-9202.587462566566,-9179.872153782226
0,"['Behind Assists BTRS', 'Contested Possessions BTRS', 'Contested Possessions OTRS', 'Disposals BTRS', 'Disposals OTRS', 'Effective Disposals BTRS', 'Effective Disposals OTRS', 'Hitouts OTRS', 'Ineffective Disposals BTRS', 'Ineffective Disposals OTRS', 'Kicks BTRS', 'Kicks OTRS', 'Metres Gained BTRS', 'Metres Gained OTRS', 'Score Involvements BTRS', 'Score Involvements OTRS', 'Uncontested Possessions BTRS']",2.231313077645564,2672.711621877592,576.2099883609117,572.6546890590835,83676.6421644359,17957.652932922538,17934.09763362071,17980.926251774694,17957.367570666625,-41836.32108221795,-8976.826466461269,-8965.048816810355
0,"['Behind Assists BTRS', 'Contested Possessions BTRS', 'Contested Possessions OTRS', 'Disposals BTRS', 'Disposals OTRS', 'Effective Disposals BTRS', 'Effective Disposals OTRS', 'Hitouts OTRS', 'Ineffective Disposals BTRS', 'Kicks BTRS', 'Kicks OTRS', 'Metres Gained BTRS', 'Metres Gained OTRS', 'Score Involvements BTRS', 'Score Involvements OTRS', 'Turnovers OTRS', 'Uncontested Possessions BTRS']",2.2255866140238676,2653.624909676786,571.5807276920605,569.4507080444891,83657.5554522351,17953.023672253687,17930.893652606115,17976.296991105843,17954.16358965203,-41826.77772611755,-8974.511836126843,-8963.446826303058
0,"['Behind Assists BTRS', 'Contested Possessions BTRS', 'Contested Possessions OTRS', 'Disposals BTRS', 'Disposals OTRS', 'Effective Disposals BTRS', 'Effective Disposals OTRS', 'Hitouts OTRS', 'Ineffective Disposals BTRS', 'Kicks BTRS', 'Kicks OTRS', 'Metres Gained BTRS', 'Metres Gained OTRS', 'Score Involvements BTRS', 'Score Involvements OTRS', 'Uncontested Possessions BTRS']",2.1252425335457015,2672.7877788188634,576.1932054073768,573.1141050880069,83676.71832137718,17957.636149969003,17934.557049649633,17980.90946882116,17957.82698669555,-41836.35916068859,-8976.818074984501,-8965.278524824816
0,"['Behind Assists BTRS', 'Contested Possessions BTRS', 'Contested Possessions OTRS', 'Disposals BTRS', 'Disposals OTRS', 'Effective Disposals BTRS', 'Effective Disposals OTRS', 'Hitouts OTRS', 'Ineffective Disposals BTRS', 'Kicks BTRS', 'Kicks OTRS', 'Metres Gained BTRS', 'Metres Gained OTRS', 'Score Involvements BTRS', 'Score Involvements OTRS', 'Uncontested Possessions BTRS', 'Uncontested Possessions OTRS']",2.2326681505578745,2672.5269218035246,576.3374325622572,573.1299831160468,83676.45746436184,17957.780377123883,17934.572927677673,17981.05369597604,17957.84286472359,-41836.22873218092,-8976.890188561942,-8965.286463838836
0,"['Behind Assists BTRS', 'Contested Possessions BTRS', 'Contested Possessions OTRS', 'Disposals BTRS', 'Disposals OTRS', 'Effective Disposals BTRS', 'Effective Disposals OTRS', 'Hitouts OTRS', 'Ineffective Disposals BTRS', 'Kicks BTRS', 'Kicks OTRS', 'Metres Gained BTRS', 'Metres Gained OTRS', 'Score Involvements BTRS', 'Uncontested Possessions BTRS']",2.0129891782454274,2673.581656849972,575.2648370803327,572.9019240597845,83677.51219940829,17956.70778164196,17934.34486862141,17979.981100494115,17957.614805667326,-41836.756099704144,-8976.35389082098,-8965.172434310705
0,"['Behind Assists BTRS', 'Contested Possessions BTRS', 'Contested Possessions OTRS', 'Disposals BTRS', 'Disposals OTRS', 'Effective Disposals BTRS', 'Effective Disposals OTRS', 'Hitouts OTRS', 'Ineffective Disposals OTRS', 'Kicks BTRS', 'Kicks OTRS', 'Metres Gained BTRS', 'Metres Gained OTRS', 'Score Involvements BTRS', 'Score Involvements OTRS', 'Uncontested Possessions BTRS']",2.120158172443055,2673.0301899980113,576.2836616166423,573.294091131389,83676.96073255633,17957.72660617827,17934.737035693015,17980.999925030424,17958.00697273893,-41836.48036627816,-8976.863303089134,-8965.368517846508
0,"['Behind Assists BTRS', 'Contested Possessions BTRS', 'Contested Possessions OTRS', 'Disposals BTRS', 'Disposals OTRS', 'Effective Disposals BTRS', 'Effective Disposals OTRS', 'Hitouts OTRS', 'Ineffective Disposals OTRS', 'Kicks BTRS', 'Kicks OTRS', 'Metres Gained BTRS', 'Metres Gained OTRS', 'Score Involvements BTRS', 'Uncontested Possessions BTRS']",2.007904817142781,2673.837928977795,575.4005959816895,573.0756757927738,83677.76847153611,17956.843540543316,17934.5186203544,17980.11685939547,17957.788557400316,-41836.884235768055,-8976.421770271658,-8965.2593101772
0,"['Behind Assists BTRS', 'Contested Possessions BTRS', 'Contested Possessions OTRS', 'Disposals BTRS', 'Disposals OTRS', 'Effective Disposals BTRS', 'Effective Disposals OTRS', 'Hitouts OTRS', 'Kicks BTRS', 'Kicks OTRS', 'Metres Gained BTRS', 'Metres Gained OTRS', 'Score Involvements BTRS', 'Score Involvements OTRS', 'Turnovers OTRS', 'Uncontested Possessions BTRS']",2.1144317088213587,2656.542772288187,573.0792984673644,569.0079442083843,83660.4733148465,17954.52224302899,17930.45088877001,17977.795561881147,17953.720825815926,-41828.23665742325,-8975.261121514495,-8963.225444385005
0,"['Behind Assists BTRS', 'Contested Possessions BTRS', 'Contested Possessions OTRS', 'Disposals BTRS', 'Disposals OTRS', 'Effective Disposals BTRS', 'Effective Disposals OTRS', 'Hitouts OTRS', 'Kicks BTRS', 'Kicks OTRS', 'Metres Gained BTRS', 'Metres Gained OTRS', 'Score Involvements BTRS', 'Score Involvements OTRS', 'Uncontested Possessions BTRS']",2.0140876283431925,2673.4373004534136,576.5583254475678,573.0547644605067,83677.36784301173,17958.001270009194,17934.497709022133,17981.27458886135,17957.76764606805,-41836.683921505864,-8977.000635004597,-8965.248854511066
0,"['Behind Assists BTRS', 'Contested Possessions BTRS', 'Contested Possessions OTRS', 'Disposals BTRS', 'Disposals OTRS', 'Effective Disposals BTRS', 'Effective Disposals OTRS', 'Hitouts OTRS', 'Kicks BTRS', 'Kicks OTRS', 'Metres Gained BTRS', 'Metres Gained OTRS', 'Score Involvements BTRS', 'Score Involvements OTRS', 'Uncontested Possessions BTRS', 'Uncontested Possessions OTRS']",2.1215132453553656,2673.1249505445885,576.7229134029476,573.0828206901024,83677.0554931029,17958.165857964574,17934.52576525173,17981.43917681673,17957.795702297644,-41836.52774655145,-8977.082928982287,-8965.262882625864
0,"['Behind Assists BTRS', 'Contested Possessions BTRS', 'Contested Possessions OTRS', 'Disposals BTRS', 'Disposals OTRS', 'Effective Disposals BTRS', 'Effective Disposals OTRS', 'Hitouts OTRS', 'Kicks BTRS', 'Kicks OTRS', 'Metres Gained BTRS', 'Metres Gained OTRS', 'Score Involvements BTRS', 'Turnovers OTRS', 'Uncontested Possessions BTRS']",2.0021783535210846,2657.130811119161,572.7298824535792,568.6788480025898,83661.06135367748,17954.172827015205,17930.121792564216,17977.44614586736,17953.39172961013,-41828.53067683874,-8975.086413507603,-8963.060896282108
0,"['Behind Assists BTRS', 'Contested Possessions BTRS', 'Contested Possessions OTRS', 'Disposals BTRS', 'Disposals OTRS', 'Effective Disposals BTRS', 'Effective Disposals OTRS', 'Hitouts OTRS', 'Kicks BTRS', 'Kicks OTRS', 'Metres Gained BTRS', 'Metres Gained OTRS', 'Score Involvements BTRS', 'Uncontested Possessions BTRS']",1.9018342730429183,2674.2650624032685,575.812873768722,572.8204546804809,83678.19560496158,17957.255818330348,17934.263399242107,17980.529137182504,17957.533336288023,-41837.09780248079,-8976.627909165174,-8965.131699621053
0,"['Behind Assists BTRS', 'Contested Possessions BTRS', 'Contested Possessions OTRS', 'Disposals BTRS', 'Disposals OTRS', 'Effective Disposals BTRS', 'Effective Disposals OTRS', 'Hitouts OTRS', 'Kicks BTRS', 'Kicks OTRS', 'Metres Gained BTRS', 'Metres Gained OTRS', 'Score Involvements BTRS', 'Uncontested Possessions BTRS', 'Uncontested Possessions OTRS']",2.0092598900550915,2673.8037696236133,576.0226360277047,572.8681147175485,83677.73431218193,17957.46558058933,17934.311059279175,17980.738899441487,17957.58099632509,-41836.867156090964,-8976.732790294665,-8965.155529639587
0,"['Behind Assists BTRS', 'Contested Possessions BTRS', 'Contested Possessions OTRS', 'Disposals BTRS', 'Disposals OTRS', 'Effective Disposals BTRS', 'Effective Disposals OTRS', 'Hitouts OTRS', 'Kicks BTRS', 'Kicks OTRS', 'Metres Gained BTRS', 'Score Involvements BTRS']",1.6617361472639653,2679.503485707479,573.7861148406846,574.3263071869369,83683.4340282658,17955.22905940231,17935.769251748563,17978.502378254467,17959.03918879448,-41839.7170141329,-8975.614529701155,-8965.884625874281
0,"['Behind Assists BTRS', 'Contested Possessions BTRS', 'Contested Possessions OTRS', 'Disposals BTRS', 'Disposals OTRS', 'Effective Disposals BTRS', 'Effective Disposals OTRS', 'Hitouts OTRS', 'Kicks BTRS', 'Kicks OTRS', 'Metres Gained BTRS', 'Score Involvements BTRS', 'Uncontested Possessions BTRS']",1.7821175393570576,2677.1395220742997,576.7663648184534,573.1563653166231,83681.07006463261,17958.20930938008,17934.59930987825,17981.482628232236,17957.869246924165,-41838.53503231631,-8977.10465469004,-8965.299654939125
0,"['Behind Assists BTRS', 'Contested Possessions BTRS', 'Contested Possessions OTRS', 'Disposals BTRS', 'Disposals OTRS', 'Effective Disposals BTRS', 'Effective Disposals OTRS', 'Ineffective Disposals BTRS', 'Kicks BTRS', 'Kicks OTRS', 'Metres Gained BTRS', 'Metres Gained OTRS', 'Score Involvements BTRS', 'Uncontested Possessions BTRS']",1.8935332146045476,4707.633714639014,1035.131844565367,1031.3249068518126,85711.56425719733,18416.574789126993,18392.76785141344,18439.84810797915,18416.037788459354,-42853.782128598665,-9206.287394563496,-9194.38392570672
0,"['Behind Assists BTRS', 'Contested Possessions BTRS', 'Contested Possessions OTRS', 'Disposals BTRS', 'Disposals OTRS', 'Effective Disposals BTRS', 'Effective Disposals OTRS', 'Ineffective Disposals BTRS', 'Kicks BTRS', 'Kicks OTRS', 'Metres Gained BTRS', 'Score Involvements BTRS']",1.6534350888255946,5007.382806733483,1081.7373776058084,1096.230935765736,86011.3133492918,18463.180322167434,18457.673880327362,18486.45364101959,18480.943817373278,-43003.6566746459,-9229.590161083717,-9226.836940163681
0,"['Behind Assists BTRS', 'Contested Possessions BTRS', 'Contested Possessions OTRS', 'Disposals BTRS', 'Disposals OTRS', 'Effective Disposals BTRS', 'Effective Disposals OTRS', 'Ineffective Disposals BTRS', 'Kicks BTRS', 'Kicks OTRS', 'Metres Gained BTRS', 'Score Involvements BTRS', 'Uncontested Possessions BTRS']",1.773816480918687,4705.83151126001,1034.4381483507932,1030.3204153871484,85709.76205381833,18415.88109291242,18391.763359948774,18439.154411764575,18415.03329699469,-42852.88102690916,-9205.94054645621,-9193.881679974387
0,"['Behind Assists BTRS', 'Contested Possessions BTRS', 'Contested Possessions OTRS', 'Disposals BTRS', 'Disposals OTRS', 'Effective Disposals BTRS', 'Effective Disposals OTRS', 'Ineffective Disposals OTRS', 'Kicks BTRS', 'Kicks OTRS', 'Metres Gained BTRS', 'Metres Gained OTRS', 'Score Involvements BTRS', 'Uncontested Possessions BTRS']",1.888448853501901,4694.731429163468,1036.0623287067938,1024.0444537343792,85698.66197172178,18417.50527326842,18385.487398296005,18440.778592120576,18408.75733534192,-42847.33098586089,-9206.75263663421,-9190.743699148003
0,"['Behind Assists BTRS', 'Contested Possessions BTRS', 'Contested Possessions OTRS', 'Disposals BTRS', 'Disposals OTRS', 'Effective Disposals BTRS', 'Effective Disposals OTRS', 'Ineffective Disposals OTRS', 'Kicks BTRS', 'Kicks OTRS', 'Metres Gained BTRS', 'Score Involvements BTRS']",1.648350727722948,5013.204769400181,1086.3874909378865,1091.6279990179391,86017.1353119585,18467.830435499513,18453.070943579565,18491.10375435167,18476.34088062548,-43006.56765597925,-9231.915217749756,-9224.535471789783
0,"['Behind Assists BTRS', 'Contested Possessions BTRS', 'Contested Possessions OTRS', 'Disposals BTRS', 'Disposals OTRS', 'Effective Disposals BTRS', 'Effective Disposals OTRS', 'Ineffective Disposals OTRS', 'Kicks BTRS', 'Kicks OTRS', 'Metres Gained BTRS', 'Score Involvements BTRS', 'Uncontested Possessions BTRS']",1.7687321198160404,4693.18409216404,1035.314446716984,1023.234762605487,85697.11463472235,18416.75739127861,18384.677707167113,18440.030710130766,18407.94764421303,-42846.55731736118,-9206.378695639305,-9190.338853583557
0,"['Behind Assists BTRS', 'Contested Possessions BTRS', 'Contested Possessions OTRS', 'Disposals BTRS', 'Disposals OTRS', 'Effective Disposals BTRS', 'Effective Disposals OTRS', 'Kicks BTRS', 'Kicks OTRS', 'Metres Gained BTRS', 'Metres Gained OTRS', 'Score Involvements BTRS']",1.6619969173089462,6474.0387311455415,1398.9501551389476,1367.95516741123,87477.96927370386,18780.393099700574,18729.398111972856,18803.66641855273,18752.668049018772,-43736.98463685193,-9388.196549850287,-9362.699055986428
0,"['Behind Assists BTRS', 'Contested Possessions BTRS', 'Contested Possessions OTRS', 'Disposals BTRS', 'Disposals OTRS', 'Effective Disposals BTRS', 'Effective Disposals OTRS', 'Kicks BTRS', 'Kicks OTRS', 'Metres Gained BTRS', 'Metres Gained OTRS', 'Score Involvements BTRS', 'Score Involvements OTRS', 'Uncontested Possessions BTRS']",1.8946316647023127,5249.726477081829,1153.2267704321712,1124.4422392060987,86253.65701964014,18534.669714993797,18485.885183767725,18557.943033845953,18509.15512081364,-43124.82850982007,-9265.334857496899,-9240.942591883862
0,"['Behind Assists BTRS', 'Contested Possessions BTRS', 'Contested Possessions OTRS', 'Disposals BTRS', 'Disposals OTRS', 'Effective Disposals BTRS', 'Effective Disposals OTRS', 'Kicks BTRS', 'Kicks OTRS', 'Metres Gained BTRS', 'Metres Gained OTRS', 'Score Involvements BTRS', 'Turnovers OTRS', 'Uncontested Possessions BTRS']",1.8827223898802048,3128.107977381922,672.2214722341014,679.3859262856204,84132.03851994024,18053.664416795727,18040.828870847246,18076.937735647884,18064.098807893162,-42064.01925997012,-9024.832208397864,-9018.414435423623
0,"['Behind Assists BTRS', 'Contested Possessions BTRS', 'Contested Possessions OTRS', 'Disposals BTRS', 'Disposals OTRS', 'Effective Disposals BTRS', 'Effective Disposals OTRS', 'Kicks BTRS', 'Kicks OTRS', 'Metres Gained BTRS', 'Metres Gained OTRS', 'Score Involvements BTRS', 'Uncontested Possessions BTRS']",1.7823783094020385,5304.05886145719,1171.3263081069017,1130.5582143046922,86307.9894040155,18552.769252668528,18492.00115886632,18576.042571520684,18515.271095912234,-43151.99470200775,-9274.384626334264,-9244.00057943316
0,"['Behind Assists BTRS', 'Contested Possessions BTRS', 'Contested Possessions OTRS', 'Disposals BTRS', 'Disposals OTRS', 'Effective Disposals BTRS', 'Effective Disposals OTRS', 'Kicks BTRS', 'Kicks OTRS', 'Metres Gained BTRS', 'Metres Gained OTRS', 'Score Involvements BTRS', 'Uncontested Possessions BTRS', 'Uncontested Possessions OTRS']",1.8898039264142117,5290.757654077883,1168.5855847024468,1127.4258604030692,86294.6881966362,18550.028529264073,18488.868804964695,18573.30184811623,18512.13874201061,-43145.3440983181,-9273.014264632036,-9242.434402482348
0,"['Behind Assists BTRS', 'Contested Possessions BTRS', 'Contested Possessions OTRS', 'Disposals BTRS', 'Disposals OTRS', 'Effective Disposals BTRS', 'Effective Disposals OTRS', 'Kicks BTRS', 'Kicks OTRS', 'Metres Gained BTRS', 'Score Involvements BTRS']",1.5422801836230855,6471.534954851348,1396.817407190898,1367.1662913879627,87475.46549740966,18778.260351752524,18728.60923594959,18801.53367060468,18751.879172995505,-43735.73274870483,-9387.130175876262,-9362.304617974794
0,"['Behind Assists BTRS', 'Contested Possessions BTRS', 'Contested Possessions OTRS', 'Disposals BTRS', 'Disposals OTRS', 'Effective Disposals BTRS', 'Effective Disposals OTRS', 'Kicks BTRS', 'Kicks OTRS', 'Metres Gained BTRS', 'Score Involvements BTRS', 'Score Involvements OTRS']",1.6545335389233597,6367.954213644291,1370.9442645228628,1352.6345737597694,87371.8847562026,18752.38720908449,18714.077518321395,18775.660527936645,18737.34745536731,-43683.9423781013,-9374.193604542244,-9355.038759160698
0,"['Behind Assists BTRS', 'Contested Possessions BTRS', 'Contested Possessions OTRS', 'Disposals BTRS', 'Disposals OTRS', 'Effective Disposals BTRS', 'Effective Disposals OTRS', 'Kicks BTRS', 'Kicks OTRS', 'Metres Gained BTRS', 'Score Involvements BTRS', 'Score Involvements OTRS', 'Uncontested Possessions BTRS']",1.774914931016452,5248.170173859427,1152.7135182973689,1124.2102151944237,86252.10071641774,18534.156462858995,18485.65315975605,18557.42978171115,18508.923096801966,-43124.05035820887,-9265.078231429497,-9240.826579878025
0,"['Behind Assists BTRS', 'Contested Possessions BTRS', 'Contested Possessions OTRS', 'Disposals BTRS', 'Disposals OTRS', 'Effective Disposals BTRS', 'Effective Disposals OTRS', 'Kicks BTRS', 'Kicks OTRS', 'Metres Gained BTRS', 'Score Involvements BTRS', 'Turnovers OTRS']",1.6426242641012518,3227.524209803407,692.5445102827325,705.7156802029458,84231.45475236172,18073.98745484436,18067.158624764572,18097.260773696515,18090.428561810488,-42113.72737618086,-9034.99372742218,-9031.579312382286
0,"['Behind Assists BTRS', 'Contested Possessions BTRS', 'Contested Possessions OTRS', 'Disposals BTRS', 'Disposals OTRS', 'Effective Disposals BTRS', 'Effective Disposals OTRS', 'Kicks BTRS', 'Kicks OTRS', 'Metres Gained BTRS', 'Score Involvements BTRS', 'Turnovers OTRS', 'Uncontested Possessions BTRS']",1.7630056561943441,3126.7834148023394,671.1327106794342,680.4001671498809,84130.71395736065,18052.57565524106,18041.843111711507,18075.848974093216,18065.113048757423,-42063.35697868033,-9024.28782762053,-9018.921555855753
0,"['Behind Assists BTRS', 'Contested Possessions BTRS', 'Contested Possessions OTRS', 'Disposals BTRS', 'Disposals OTRS', 'Effective Disposals BTRS', 'Effective Disposals OTRS', 'Kicks BTRS', 'Kicks OTRS', 'Metres Gained BTRS', 'Score Involvements BTRS', 'Uncontested Possessions BTRS']",1.6626615757161778,5302.071667425902,1169.6918590385285,1129.471227146165,86306.00220998422,18551.134803600155,18490.91417170779,18574.40812245231,18514.184108753707,-43151.00110499211,-9273.567401800077,-9243.457085853895
0,"['Behind Assists BTRS', 'Contested Possessions BTRS', 'Contested Possessions OTRS', 'Disposals BTRS', 'Disposals OTRS', 'Effective Disposals BTRS', 'Effective Disposals OTRS', 'Kicks BTRS', 'Kicks OTRS', 'Metres Gained BTRS', 'Score Involvements BTRS', 'Uncontested Possessions BTRS', 'Uncontested Possessions OTRS']",1.770087192728351,5288.661289957003,1166.8880954061642,1126.3532133372355,86292.59183251532,18548.33103996779,18487.79615789886,18571.604358819946,18511.066094944777,-43144.29591625766,-9272.165519983895,-9241.89807894943
0,"['Behind Assists BTRS', 'Contested Possessions BTRS', 'Contested Possessions OTRS', 'Disposals BTRS', 'Disposals OTRS', 'Effective Disposals BTRS', 'Effective Disposals OTRS', 'Kicks BTRS', 'Kicks OTRS', 'Metres Gained BTRS', 'Score Involvements BTRS', 'Uncontested Possessions OTRS']",1.6497058006352587,5349.164812637187,1180.2869676402333,1138.602989015002,86353.0953551955,18561.72991220186,18500.045933576628,18585.003231054015,18523.315870622544,-43174.54767759775,-9278.86495610093,-9248.022966788314
0,"['Behind Assists BTRS', 'Contested Possessions BTRS', 'Contested Possessions OTRS', 'Disposals BTRS', 'Disposals OTRS', 'Effective Disposals BTRS', 'Effective Disposals OTRS', 'Kicks BTRS', 'Kicks OTRS', 'Score Involvements BTRS']",1.412167449486101,6636.5502313052275,1429.843636205158,1403.6866454417432,87640.48077386354,18811.286580766784,18765.12959000337,18834.55989961894,18788.399527049285,-43818.24038693177,-9403.643290383392,-9380.564795001685
0,"['Behind Assists BTRS', 'Contested Possessions BTRS', 'Contested Possessions OTRS', 'Disposals BTRS', 'Disposals OTRS', 'Effective Disposals BTRS', 'Kicks BTRS', 'Kicks OTRS', 'Score Involvements BTRS']",1.2783167465318908,6644.668703698393,1428.9412296493392,1407.2105269848726,87648.59924625671,18810.384174210965,18768.6534715465,18833.65749306312,18791.923408592414,-43822.299623128354,-9403.192087105483,-9382.32673577325
0,"['Behind Assists BTRS', 'Contested Possessions BTRS', 'Disposals BTRS', 'Disposals OTRS', 'Effective Disposals BTRS', 'Effective Disposals OTRS', 'Handballs BTRS', 'Kicks BTRS', 'Kicks OTRS', 'Metres Gained BTRS', 'Score Involvements BTRS']",1.5206298798683022,4915.222588620993,1068.6677965987146,1054.7376797833385,85919.15313117931,18450.11074116034,18416.180624344965,18473.384060012497,18439.45056139088,-42957.576565589654,-9223.05537058017,-9206.090312172482
0,"['Behind Assists BTRS', 'Contested Possessions BTRS', 'Disposals BTRS', 'Disposals OTRS', 'Effective Disposals BTRS', 'Effective Disposals OTRS', 'Handballs BTRS', 'Kicks BTRS', 'Kicks OTRS', 'Score Involvements BTRS']",1.3905171457313175,4994.953054417972,1084.1633867777964,1076.3858394303497,85998.88359697629,18465.606331339422,18437.828783991976,18488.87965019158,18461.09872103789,-42997.441798488144,-9230.803165669711,-9216.914391995988
0,"['Behind Assists BTRS', 'Contested Possessions BTRS', 'Disposals BTRS', 'Disposals OTRS', 'Effective Disposals BTRS', 'Effective Disposals OTRS', 'Hitouts OTRS', 'Kicks BTRS', 'Kicks OTRS', 'Metres Gained BTRS', 'Score Involvements BTRS']",1.5371544224264346,2679.6694488213107,573.2502404591651,574.6542001990565,83683.59999137963,17954.69318502079,17936.097144760683,17977.966503872947,17959.3670818066,-41839.79999568981,-8975.346592510396,-8966.048572380341
0,"['Behind Assists BTRS', 'Contested Possessions BTRS', 'Disposals BTRS', 'Disposals OTRS', 'Effective Disposals BTRS', 'Effective Disposals OTRS', 'Hitouts OTRS', 'Kicks BTRS', 'Kicks OTRS', 'Score Involvements BTRS']",1.4070416882894499,2680.0691873751784,573.369662335328,574.7299276123267,83683.9997299335,17954.812606896954,17936.172872173953,17978.08592574911,17959.44280921987,-41839.99986496675,-8975.406303448477,-8966.086436086976
0,"['Behind Assists BTRS', 'Contested Possessions BTRS', 'Disposals BTRS', 'Disposals OTRS', 'Effective Disposals BTRS', 'Effective Disposals OTRS', 'Ineffective Disposals BTRS', 'Kicks BTRS', 'Kicks OTRS', 'Metres Gained BTRS', 'Score Involvements BTRS']",1.528853363988064,5044.321190325369,1093.8468059847037,1104.2055490701314,86048.25173288368,18475.28975054633,18465.648493631757,18498.563069398486,18488.918430677673,-43022.12586644184,-9235.644875273165,-9230.824246815879
0,"['Behind Assists BTRS', 'Contested Possessions BTRS', 'Disposals BTRS', 'Disposals OTRS', 'Effective Disposals BTRS', 'Effective Disposals OTRS', 'Ineffective Disposals BTRS', 'Kicks BTRS', 'Kicks OTRS', 'Score Involvements BTRS']",1.3987406298510792,5079.244503574635,1099.391822434627,1113.3695954361647,86083.17504613295,18480.834766996253,18474.81253999779,18504.10808584841,18498.082477043707,-43039.587523066475,-9238.417383498127,-9235.406269998895
0,"['Behind Assists BTRS', 'Contested Possessions BTRS', 'Disposals BTRS', 'Disposals OTRS', 'Effective Disposals BTRS', 'Effective Disposals OTRS', 'Ineffective Disposals OTRS', 'Kicks BTRS', 'Kicks OTRS', 'Metres Gained BTRS', 'Score Involvements BTRS']",1.5237690028854174,5020.740492297453,1089.7697748614046,1093.5537405086652,86024.67103485577,18471.21271942303,18454.99668507029,18494.486038275187,18478.266622116207,-43010.335517427884,-9233.606359711515,-9225.498342535146
0,"['Behind Assists BTRS', 'Contested Possessions BTRS', 'Disposals BTRS', 'Disposals OTRS', 'Effective Disposals BTRS', 'Effective Disposals OTRS', 'Ineffective Disposals OTRS', 'Kicks BTRS', 'Kicks OTRS', 'Score Involvements BTRS']",1.3936562687484326,5052.235902894128,1094.6185224969922,1101.8660851150307,86056.16644545244,18476.06146705862,18463.309029676657,18499.334785910774,18486.578966722573,-43026.08322272622,-9236.03073352931,-9229.654514838328
0,"['Behind Assists BTRS', 'Contested Possessions BTRS', 'Disposals BTRS', 'Disposals OTRS', 'Effective Disposals BTRS', 'Effective Disposals OTRS', 'Kicks BTRS', 'Kicks OTRS', 'Metres Gained BTRS', 'Metres Gained OTRS', 'Score Involvements BTRS']",1.5374151924714154,6528.169904009585,1415.7937114617016,1381.865583608247,87532.1004465679,18797.236656023328,18743.308528169873,18820.509974875484,18766.57846521579,-43764.05022328395,-9396.618328011664,-9369.654264084937
0,"['Behind Assists BTRS', 'Contested Possessions BTRS', 'Disposals BTRS', 'Disposals OTRS', 'Effective Disposals BTRS', 'Effective Disposals OTRS', 'Kicks BTRS', 'Kicks OTRS', 'Metres Gained BTRS', 'Score Involvements BTRS']",1.4176984587855548,6525.45133290629,1413.7826510389386,1380.4320959803372,87529.3818754646,18795.225595600565,18741.875040541963,18818.49891445272,18765.14497758788,-43762.6909377323,-9395.612797800282,-9368.937520270982
0,"['Behind Assists BTRS', 'Contested Possessions BTRS', 'Disposals BTRS', 'Disposals OTRS', 'Effective Disposals BTRS', 'Effective Disposals OTRS', 'Kicks BTRS', 'Kicks OTRS', 'Metres Gained BTRS', 'Score Involvements BTRS', 'Score Involvements OTRS']",1.529951814085829,6396.356473533015,1380.3431664992568,1361.6173217721189,87400.28701609133,18761.786111060883,18723.060266333745,18785.05942991304,18746.33020337966,-43698.143508045665,-9378.893055530441,-9359.530133166872
0,"['Behind Assists BTRS', 'Contested Possessions BTRS', 'Disposals BTRS', 'Disposals OTRS', 'Effective Disposals BTRS', 'Effective Disposals OTRS', 'Kicks BTRS', 'Kicks OTRS', 'Metres Gained BTRS', 'Score Involvements BTRS', 'Turnovers OTRS']",1.5180425392637211,3230.4992738128494,694.2807020833534,705.4750235500433,84234.42981637116,18075.72364664498,18066.91796811167,18098.996965497136,18090.187905157585,-42115.21490818558,-9035.86182332249,-9031.458984055835
0,"['Behind Assists BTRS', 'Contested Possessions BTRS', 'Disposals BTRS', 'Disposals OTRS', 'Effective Disposals BTRS', 'Effective Disposals OTRS', 'Kicks BTRS', 'Kicks OTRS', 'Metres Gained BTRS', 'Score Involvements BTRS', 'Uncontested Possessions BTRS']",1.538079850878647,5349.594060302625,1184.2114917765175,1136.7024086754645,86353.52460286094,18565.654436338144,18498.14535323709,18588.9277551903,18521.415290283006,-43174.76230143047,-9280.827218169072,-9247.072676618545
0,"['Behind Assists BTRS', 'Contested Possessions BTRS', 'Disposals BTRS', 'Disposals OTRS', 'Effective Disposals BTRS', 'Effective Disposals OTRS', 'Kicks BTRS', 'Kicks OTRS', 'Metres Gained BTRS', 'Score Involvements BTRS', 'Uncontested Possessions OTRS']",1.525124075797728,5408.470035681472,1198.227135075038,1148.204877434604,86412.40057823979,18579.670079636664,18509.64782199623,18602.94339848882,18532.917759042146,-43204.20028911989,-9287.835039818332,-9252.823910998115
0,"['Behind Assists BTRS', 'Contested Possessions BTRS', 'Disposals BTRS', 'Disposals OTRS', 'Effective Disposals BTRS', 'Effective Disposals OTRS', 'Kicks BTRS', 'Kicks OTRS', 'Metres Gained OTRS', 'Score Involvements BTRS']",1.4073024583344307,6538.402790804743,1418.726340726178,1384.7587635950695,87542.33333336306,18800.169285287804,18746.201708156696,18823.44260413996,18769.47164520261,-43769.16666668153,-9398.084642643902,-9371.100854078348
0,"['Behind Assists BTRS', 'Contested Possessions BTRS', 'Disposals BTRS', 'Disposals OTRS', 'Effective Disposals BTRS', 'Effective Disposals OTRS', 'Kicks BTRS', 'Kicks OTRS', 'Score Involvements BTRS']",1.28758572464857,6699.1824225631135,1448.7028172592945,1418.2510355574195,87703.11296512143,18830.14576182092,18779.693980119046,18853.419080673077,18802.96391716496,-43849.556482560714,-9413.07288091046,-9387.846990059523
0,"['Behind Assists BTRS', 'Contested Possessions BTRS', 'Disposals BTRS', 'Disposals OTRS', 'Effective Disposals BTRS', 'Effective Disposals OTRS', 'Kicks BTRS', 'Kicks OTRS', 'Score Involvements BTRS', 'Score Involvements OTRS']",1.3998390799488443,6564.043941768759,1412.925724313758,1397.7528584564207,87567.97448432707,18794.368668875384,18759.195803018047,18817.64198772754,18782.465740063963,-43781.98724216354,-9395.184334437692,-9377.597901509023
0,"['Behind Assists BTRS', 'Contested Possessions BTRS', 'Disposals BTRS', 'Disposals OTRS', 'Effective Disposals BTRS', 'Effective Disposals OTRS', 'Kicks BTRS', 'Kicks OTRS', 'Score Involvements BTRS', 'Turnovers OTRS']",1.3879298051267364,3302.695439410134,706.6653473319311,716.8354409723252,84306.62598196845,18088.108291893557,18078.27838553395,18111.381610745713,18101.548322579867,-42151.312990984225,-9042.054145946779,-9037.139192766976
0,"['Behind Assists BTRS', 'Contested Possessions BTRS', 'Disposals BTRS', 'Disposals OTRS', 'Effective Disposals BTRS', 'Effective Disposals OTRS', 'Kicks BTRS', 'Kicks OTRS', 'Score Involvements BTRS', 'Uncontested Possessions BTRS']",1.4079671167416623,5428.165464230828,1193.9204559994505,1156.3129555287305,86432.09600678914,18575.363400561077,18517.755900090357,18598.636719413233,18541.025837136272,-43214.04800339457,-9285.681700280538,-9256.877950045178
0,"['Behind Assists BTRS', 'Contested Possessions BTRS', 'Disposals BTRS', 'Disposals OTRS', 'Effective Disposals BTRS', 'Effective Disposals OTRS', 'Kicks BTRS', 'Kicks OTRS', 'Score Involvements BTRS', 'Uncontested Possessions OTRS']",1.3950113416607433,5485.707219213247,1209.8722129935304,1166.9379991363967,86489.63776177156,18591.315157555156,18528.380943698023,18614.588476407313,18551.65088074394,-43242.81888088578,-9293.657578777578,-9262.190471849011
0,"['Behind Assists BTRS', 'Contested Possessions BTRS', 'Disposals BTRS', 'Disposals OTRS', 'Effective Disposals BTRS', 'Handballs BTRS', 'Kicks BTRS', 'Kicks OTRS', 'Score Involvements BTRS']",1.2566664427771073,5000.683823553001,1086.093369800219,1076.8146861841524,86004.61436611132,18467.536314361845,18438.25763074578,18490.809633214,18461.527567791694,-43000.30718305566,-9231.768157180923,-9217.12881537289
0,"['Behind Assists BTRS', 'Contested Possessions BTRS', 'Disposals BTRS', 'Disposals OTRS', 'Effective Disposals BTRS', 'Hitouts OTRS', 'Kicks BTRS', 'Kicks OTRS', 'Score Involvements BTRS']",1.2731909853352397,2684.73475847223,572.9593355041798,575.4575215712539,83688.66530103055,17954.402280065806,17936.90046613288,17977.675598917962,17960.170403178796,-41842.33265051527,-8975.201140032903,-8966.45023306644
0,"['Behind Assists BTRS', 'Contested Possessions BTRS', 'Disposals BTRS', 'Disposals OTRS', 'Effective Disposals BTRS', 'Ineffective Disposals BTRS', 'Kicks BTRS', 'Kicks OTRS', 'Score Involvements BTRS']",1.264889926896869,5092.978354394712,1102.135834984565,1115.7733270042954,86096.90889695303,18483.57877954619,18477.21627156592,18506.852098398347,18500.486208611837,-43046.454448476514,-9239.789389773096,-9236.60813578296
0,"['Behind Assists BTRS', 'Contested Possessions BTRS', 'Disposals BTRS', 'Disposals OTRS', 'Effective Disposals BTRS', 'Ineffective Disposals OTRS', 'Kicks BTRS', 'Kicks OTRS', 'Score Involvements BTRS']",1.2598055657942224,5083.529508553169,1099.881239675422,1104.7719982697708,86087.46005111148,18481.324184237048,18466.214942831397,18504.597503089204,18489.484879877313,-43041.73002555574,-9238.662092118524,-9231.107471415698
0,"['Behind Assists BTRS', 'Contested Possessions BTRS', 'Disposals BTRS', 'Disposals OTRS', 'Effective Disposals BTRS', 'Kicks BTRS', 'Kicks OTRS', 'Metres Gained BTRS', 'Score Involvements BTRS']",1.2838477558313446,6534.761301569102,1413.055563461825,1383.923223550315,87538.69184412742,18794.49850802345,18745.36616811194,18817.771826875607,18768.636105157857,-43767.34592206371,-9395.249254011725,-9370.68308405597
0,"['Behind Assists BTRS', 'Contested Possessions BTRS', 'Disposals BTRS', 'Disposals OTRS', 'Effective Disposals BTRS', 'Kicks BTRS', 'Kicks OTRS', 'Metres Gained OTRS', 'Score Involvements BTRS']",1.2734517553802205,6546.856457036993,1417.7840269303597,1388.3352680861062,87550.78699959531,18799.226971491986,18749.778212647732,18822.500290344142,18773.048149693648,-43773.393499797654,-9397.613485745993,-9372.889106323866
0,"['Behind Assists BTRS', 'Contested Possessions BTRS', 'Disposals BTRS', 'Disposals OTRS', 'Effective Disposals BTRS', 'Kicks BTRS', 'Kicks OTRS', 'Score Involvements BTRS']",1.1537350216943598,6709.7667438709905,1448.2903218507126,1422.9570727555183,87713.6972864293,18829.73326641234,18784.400017317144,18853.006585264495,18807.66995436306,-43854.84864321465,-9412.86663320617,-9390.200008658572
0,"['Behind Assists BTRS', 'Contested Possessions BTRS', 'Disposals BTRS', 'Disposals OTRS', 'Effective Disposals BTRS', 'Kicks BTRS', 'Kicks OTRS', 'Score Involvements BTRS', 'Score Involvements OTRS']",1.265988376994634,6564.444757589328,1411.9423733126714,1399.441891509603,87568.37530014764,18793.385317874297,18760.88483607123,18816.658636726454,18784.154773117145,-43782.18765007382,-9394.692658937149,-9378.442418035615
0,"['Behind Assists BTRS', 'Contested Possessions BTRS', 'Disposals BTRS', 'Disposals OTRS', 'Effective Disposals BTRS', 'Kicks BTRS', 'Kicks OTRS', 'Score Involvements BTRS', 'Turnovers OTRS']",1.2540791021725262,3305.2228679645195,704.8184257841313,716.1123124707483,84309.15341052283,18086.261370345757,18077.555257032374,18109.534689197913,18100.82519407829,-42152.57670526142,-9041.130685172879,-9036.777628516187
0,"['Behind Assists BTRS', 'Contested Possessions BTRS', 'Disposals BTRS', 'Disposals OTRS', 'Effective Disposals BTRS', 'Kicks BTRS', 'Kicks OTRS', 'Score Involvements BTRS', 'Uncontested Possessions BTRS']",1.274116413787452,5441.871388441286,1194.4358750282372,1159.795682196058,86445.8019309996,18575.878819589863,18521.238626757684,18599.15213844202,18544.5085638036,-43220.9009654998,-9285.939409794932,-9258.619313378842
0,"['Behind Assists BTRS', 'Contested Possessions BTRS', 'Disposals BTRS', 'Disposals OTRS', 'Effective Disposals BTRS', 'Kicks BTRS', 'Kicks OTRS', 'Score Involvements BTRS', 'Uncontested Possessions OTRS']",1.261160638706533,5484.93242345094,1209.3777623750393,1166.9282556482576,86488.86296600926,18590.820706936665,18528.371200209884,18614.09402578882,18551.6411372558,-43242.43148300463,-9293.410353468333,-9262.185600104942
0,"['Behind Assists BTRS', 'Contested Possessions OTRS', 'Disposals BTRS', 'Disposals OTRS', 'Effective Disposals BTRS', 'Kicks BTRS', 'Kicks OTRS', 'Score Involvements BTRS']",1.1444388942019457,6644.858279221342,1429.739854062038,1407.4843133741633,87648.78882177966,18811.182798623664,18768.92725793579,18834.45611747582,18792.197194981705,-43822.39441088983,-9403.591399311832,-9382.463628967895
0,"['Behind Assists BTRS', 'Disposals BTRS']",0.2955133876060214,8455.28658659842,1816.702598447544,1796.8382647573417,89459.21712915674,19198.14554300917,19158.281209318968,19221.418861861326,19181.551146364884,-44727.60856457837,-9597.072771504585,-9577.140604659484
0,"['Behind Assists BTRS', 'Disposals BTRS', 'Disposals OTRS']",0.4478310335224107,8403.466546985655,1800.2902330763209,1779.7063010249876,89407.39708954397,19181.733177637947,19141.149245586614,19205.006496490103,19164.41918263253,-44701.698544771985,-9588.866588818973,-9568.574622793307
0,"['Behind Assists BTRS', 'Disposals BTRS', 'Disposals OTRS', 'Effective Disposals BTRS', 'Effective Disposals OTRS', 'Kicks BTRS', 'Kicks OTRS', 'Score Involvements BTRS']",1.153707872318625,7542.4802792677365,1632.6342966865268,1602.936948642884,88546.41082182605,19014.077241248153,18964.37989320451,19037.35056010031,18987.649830250426,-44271.205410913026,-9505.038620624076,-9480.189946602255
0,"['Behind Assists BTRS', 'Disposals BTRS', 'Disposals OTRS', 'Effective Disposals BTRS', 'Handballs BTRS', 'Kicks BTRS', 'Kicks OTRS', 'Score Involvements BTRS']",1.1227885904471622,5047.273983319668,1098.776885464671,1085.1465808258254,86051.20452587798,18480.219830026297,18446.58952538745,18503.493148878453,18469.859462433367,-43023.60226293899,-9238.109915013149,-9221.294762693726
0,"['Behind Assists BTRS', 'Disposals BTRS', 'Disposals OTRS', 'Effective Disposals BTRS', 'Hitouts OTRS', 'Kicks BTRS', 'Kicks OTRS', 'Score Involvements BTRS']",1.1393131330052946,2688.793729233119,573.8035016883478,575.8125013504105,83692.72427179143,17955.246446249974,17937.255445912037,17978.51976510213,17960.525382957952,-41844.36213589572,-8975.623223124987,-8966.627722956018
0,"['Behind Assists BTRS', 'Disposals BTRS', 'Disposals OTRS', 'Effective Disposals BTRS', 'Ineffective Disposals BTRS', 'Kicks BTRS', 'Kicks OTRS', 'Score Involvements BTRS']",1.1310120745669239,5161.567491432972,1118.5638382606267,1133.5085875752447,86165.49803399129,18500.006782822253,18494.95153213687,18523.28010167441,18518.221469182787,-43080.74901699564,-9248.003391411126,-9245.475766068435
0,"['Behind Assists BTRS', 'Disposals BTRS', 'Disposals OTRS', 'Effective Disposals BTRS', 'Ineffective Disposals OTRS', 'Kicks BTRS', 'Kicks OTRS', 'Score Involvements BTRS']",1.1259277134642773,5167.67918028991,1119.105548664087,1125.2764119157146,86171.60972284822,18500.548493225713,18486.71935647734,18523.82181207787,18509.989293523256,-43083.80486142411,-9248.274246612857,-9241.35967823867
0,"['Behind Assists BTRS', 'Disposals BTRS', 'Disposals OTRS', 'Effective Disposals BTRS', 'Kicks BTRS']",0.7448323632285503,7651.378588509775,1657.6652049180811,1630.2393665670497,88655.30913106809,19039.108149479707,18991.682311128676,19062.381468331863,19014.95224817459,-44325.654565534045,-9517.554074739854,-9493.841155564338
0,"['Behind Assists BTRS', 'Disposals BTRS', 'Disposals OTRS', 'Effective Disposals BTRS', 'Kicks BTRS', 'Kicks OTRS']",0.882396711019761,7588.243720020939,1642.4983486802084,1613.6158098138148,88592.17426257925,19023.941293241835,18975.05875437544,19047.21461209399,18998.328691421357,-44294.08713128963,-9509.970646620917,-9485.52937718772
0,"['Behind Assists BTRS', 'Disposals BTRS', 'Disposals OTRS', 'Effective Disposals BTRS', 'Kicks BTRS', 'Kicks OTRS', 'Metres Gained BTRS', 'Score Involvements BTRS']",1.1499699035013995,7383.790097069475,1598.155504119546,1568.3627490729668,88387.72063962779,18979.598448681172,18929.805693634593,19002.87176753333,18953.07563068051,-44191.860319813895,-9487.799224340586,-9462.902846817296
0,"['Behind Assists BTRS', 'Disposals BTRS', 'Disposals OTRS', 'Effective Disposals BTRS', 'Kicks BTRS', 'Kicks OTRS', 'Metres Gained OTRS', 'Score Involvements BTRS']",1.1395739030502754,7395.402086851682,1603.0271996346964,1571.9234927148973,88399.33262941,18984.470144196323,18933.366437276523,19007.74346304848,18956.63637432244,-44197.666314705,-9490.235072098161,-9464.683218638262
0,"['Behind Assists BTRS', 'Disposals BTRS', 'Disposals OTRS', 'Effective Disposals BTRS', 'Kicks BTRS', 'Kicks OTRS', 'Score Involvements BTRS']",1.0198571693644147,7565.707769815024,1636.7674665015984,1610.2333377047325,88569.63831237334,19018.210411063224,18971.67628226636,19041.48372991538,18994.946219312274,-44282.81915618667,-9507.105205531612,-9483.83814113318
0,"['Behind Assists BTRS', 'Disposals BTRS', 'Disposals OTRS', 'Effective Disposals BTRS', 'Kicks BTRS', 'Kicks OTRS', 'Score Involvements BTRS', 'Score Involvements OTRS']",1.132110524664689,7355.4691515453305,1585.4063238171693,1572.004522607309,88359.39969410365,18966.849268378795,18933.447467168935,18990.12258723095,18956.71740421485,-44177.69984705182,-9481.424634189398,-9464.723733584467
0,"['Behind Assists BTRS', 'Disposals BTRS', 'Disposals OTRS', 'Effective Disposals BTRS', 'Kicks BTRS', 'Kicks OTRS', 'Score Involvements BTRS', 'Turnovers OTRS']",1.120201249842581,3325.427880433781,710.0690471607777,722.8144542884329,84329.3584229921,18091.511991722404,18084.25739885006,18114.78531057456,18107.527335895975,-42162.67921149605,-9043.755995861202,-9040.12869942503
0,"['Behind Assists BTRS', 'Disposals BTRS', 'Disposals OTRS', 'Effective Disposals BTRS', 'Kicks BTRS', 'Kicks OTRS', 'Score Involvements BTRS', 'Uncontested Possessions BTRS']",1.140238561457507,7246.026655443391,1572.7461232774112,1546.3291650943756,88249.9571980017,18954.189067839037,18907.772109656,18977.462386691193,18931.042046701918,-44122.97859900085,-9475.094533919519,-9451.886054828
0,"['Behind Assists BTRS', 'Disposals BTRS', 'Disposals OTRS', 'Effective Disposals BTRS', 'Kicks BTRS', 'Kicks OTRS', 'Score Involvements BTRS', 'Uncontested Possessions OTRS']",1.127282786376588,7212.962525812851,1565.4130868877364,1539.7809469069252,88216.89306837117,18946.856031449362,18901.22389146855,18970.12935030152,18924.493828514467,-44106.44653418558,-9471.428015724681,-9448.611945734276
0,"['Behind Assists BTRS', 'Disposals BTRS', 'Disposals OTRS', 'Kicks BTRS']",0.5969021006283521,8015.00635419118,1727.6949771618638,1703.0010730891227,89018.9368967495,19109.13792172349,19064.44401765075,19132.411240575646,19087.713954696665,-44507.46844837475,-9552.568960861745,-9530.222008825374
0,['Behind Assists OTRS'],0.10975508513720143,12295.439073727175,2648.936773954414,2635.5163694722432,93299.36961628549,20030.37971851604,19996.95931403387,20053.653037368196,20020.229251079785,-46647.684808142745,-10013.18985925802,-9996.479657016935
0,"['Behind Assists OTRS', 'Disposals BTRS']",0.270830967665029,8101.976594424836,1729.9611623204219,1715.346619463653,89105.90713698315,19111.404106882048,19076.78956402528,19134.677425734204,19100.059501071195,-44550.953568491575,-9553.702053441024,-9536.39478201264
0,"['Behind Assists OTRS', 'Disposals BTRS', 'Disposals OTRS']",0.4231486135814183,8104.1949366157205,1729.9263307008332,1715.3372557767834,89108.12547917404,19111.36927526246,19076.78020033841,19134.642594114615,19100.050137384325,-44552.06273958702,-9553.68463763123,-9536.390100169205
0,"['Behind Assists OTRS', 'Disposals BTRS', 'Disposals OTRS', 'Effective Disposals BTRS', 'Kicks BTRS']",0.7201499432875579,7372.913952322153,1592.3841299930536,1580.0005001082027,88376.84449488047,18973.82707455468,18941.44344466983,18997.100393406836,18964.713381715745,-44186.422247440234,-9484.91353727734,-9468.721722334914
0,"['Behind Assists OTRS', 'Disposals BTRS', 'Disposals OTRS', 'Effective Disposals BTRS', 'Kicks BTRS', 'Kicks OTRS']",0.8577142910787687,7356.033245140134,1587.54429808828,1574.8134766492512,88359.96378769845,18968.987242649906,18936.256421210877,18992.260561502062,18959.526358256793,-44177.981893849224,-9482.493621324953,-9466.128210605439
0,"['Behind Assists OTRS', 'Disposals BTRS', 'Disposals OTRS', 'Effective Disposals BTRS', 'Kicks BTRS', 'Kicks OTRS', 'Score Involvements BTRS']",0.9951747494234225,7340.821489709968,1584.9721422579241,1571.0202568020868,88344.75203226828,18966.41508681955,18932.463201363713,18989.688405671706,18955.73313840963,-44170.37601613414,-9481.207543409775,-9464.231600681856
0,"['Behind Assists OTRS', 'Disposals BTRS', 'Disposals OTRS', 'Kicks BTRS']",0.5722196806873597,7729.215737378996,1661.861793864242,1645.2567245585742,88733.14627993731,19043.304738425868,19006.6996691202,19066.578057278024,19029.969606166116,-44364.573139968656,-9519.652369212934,-9501.3498345601
0,['Contested Possessions BTRS'],0.133877852329945,11816.552815470015,2533.433463323905,2530.357637926416,92820.48335802833,19914.87640788553,19891.800582488042,19938.149726737687,19915.070519533958,-46408.241679014165,-9955.438203942766,-9943.900291244021
0,"['Contested Possessions BTRS', 'Disposals BTRS']",0.2949537348577726,9263.586841015,1994.275797194583,1964.3665787935752,90267.51738357331,19375.71874175621,19325.8095233552,19398.992060608365,19349.079460401117,-45131.75869178666,-9685.859370878105,-9660.9047616776
0,"['Contested Possessions BTRS', 'Disposals BTRS', 'Disposals OTRS']",0.4472713807741619,9256.79013869472,1989.2565332717604,1961.5366480185767,90260.72068125303,19370.699477833386,19322.979592580203,19393.972796685543,19346.24952962612,-45128.36034062652,-9683.349738916693,-9659.489796290101
0,"['Contested Possessions BTRS', 'Disposals BTRS', 'Disposals OTRS', 'Effective Disposals BTRS', 'Kicks BTRS']",0.7442727104803015,7721.406681210021,1667.9491962765424,1644.0058962437906,88725.33722376834,19049.39214083817,19005.448840805417,19072.665459690324,19028.718777851333,-44360.66861188417,-9522.696070419084,-9500.724420402708
0,"['Contested Possessions BTRS', 'Disposals BTRS', 'Disposals OTRS', 'Effective Disposals BTRS', 'Kicks BTRS', 'Kicks OTRS']",0.8818370582715123,7664.679029780164,1656.3527884559917,1630.9706549742223,88668.60957233848,19037.795733017618,18992.41359953585,19061.069051869774,19015.683536581764,-44332.30478616924,-9516.897866508809,-9494.206799767924
0,"['Contested Possessions BTRS', 'Disposals BTRS', 'Disposals OTRS', 'Effective Disposals BTRS', 'Kicks BTRS', 'Kicks OTRS', 'Score Involvements BTRS']",1.019297516616166,6751.480781605729,1457.3691169837366,1435.11128651963,87755.41132416404,18838.812061545363,18796.554231081256,18862.08538039752,18819.824168127172,-43875.70566208202,-9417.406030772681,-9396.277115540628
0,"['Contested Possessions BTRS', 'Disposals BTRS', 'Disposals OTRS', 'Kicks BTRS']",0.5963424478801034,8241.307059797298,1780.8343006222058,1758.2402840198629,89245.23760235561,19162.277245183832,19119.68322858149,19185.550564035988,19142.953165627405,-44620.61880117781,-9579.138622591916,-9557.841614290744
0,['Contested Possessions OTRS'],0.12458172483753081,12514.061346793329,2682.6428071993905,2683.187918581494,93517.99188935164,20064.085751761017,20044.63086314312,20087.359070613173,20067.900800189036,-46756.99594467582,-10030.042875880508,-10020.31543157156
0,"['Contested Possessions OTRS', 'Disposals BTRS']",0.2856576073653584,9117.587242304216,1964.6057747357336,1935.9830445165935,90121.51778486253,19346.04871929736,19297.42598907822,19369.322038149516,19320.695926124135,-45058.758892431266,-9671.02435964868,-9646.71299453911
0,"['Contested Possessions OTRS', 'Disposals BTRS', 'Disposals OTRS']",0.4379752532817477,9118.584510211032,1964.228448055841,1935.8542022814981,90122.51505276935,19345.671392617467,19297.297146843124,19368.944711469623,19320.56708388904,-45059.257526384674,-9670.835696308734,-9646.648573421562
0,"['Contested Possessions OTRS', 'Disposals BTRS', 'Disposals OTRS', 'Effective Disposals BTRS', 'Kicks BTRS']",0.7349765829878873,7618.743126829722,1644.0600169068202,1622.5211141800792,88622.67366938804,19025.502961468446,18983.964058741705,19048.776280320602,19007.23399578762,-44309.33683469402,-9510.751480734223,-9489.982029370853
0,"['Contested Possessions OTRS', 'Disposals BTRS', 'Disposals OTRS', 'Effective Disposals BTRS', 'Kicks BTRS', 'Kicks OTRS']",0.8725409307790981,7582.711835195529,1637.4715286910214,1614.3294400126615,88586.64237775384,19018.914473252647,18975.772384574288,19042.187792104804,18999.042321620203,-44291.32118887692,-9507.457236626324,-9485.886192287144
0,"['Contested Possessions OTRS', 'Disposals BTRS', 'Disposals OTRS', 'Effective Disposals BTRS', 'Kicks BTRS', 'Kicks OTRS', 'Score Involvements BTRS']",1.0100013891237518,6685.611964390657,1439.0061405389279,1419.5244769082492,87689.54250694897,18820.449085100554,18780.967421469875,18843.72240395271,18804.23735851579,-43842.771253474486,-9408.224542550277,-9388.483710734938
0,"['Contested Possessions OTRS', 'Disposals BTRS', 'Disposals OTRS', 'Kicks BTRS']",0.5870463203876891,8115.6700418333785,1755.4290742732046,1733.8734761696978,89119.6005843917,19136.87201883483,19095.316420731324,19160.145337686987,19118.58635777724,-44557.80029219585,-9566.436009417415,-9545.658210365662
0,"['Contested Possessions OTRS', 'Uncontested Possessions BTRS']",0.12325556297497067,6983.230076125896,1509.1978657633554,1489.0457251856533,87987.16061868421,18890.64081032498,18850.48866974728,18913.914129177138,18873.758606793195,-43991.580309342105,-9443.32040516249,-9423.24433487364
0,"['Contested Possessions OTRS', 'Uncontested Possessions OTRS']",0.13484655727591965,6923.212593800039,1499.3476308465542,1472.217539834026,87927.14313635835,18880.79057540818,18833.660484395652,18904.063894260336,18856.930421441568,-43961.57156817918,-9438.39528770409,-9414.830242197826
0,['Disposals BTRS'],0.1610758825278276,12191.19827643485,2612.7734935641674,2611.973309553792,93195.12881899317,19994.216438125794,19973.41625411542,20017.48975697795,19996.686191161334,-46595.56440949658,-9995.108219062897,-9984.70812705771
0,"['Disposals BTRS', 'Disposals OTRS']",0.31339352844421686,12181.832273835913,2607.4947678187746,2609.4764316978144,93185.76281639423,19988.9377123804,19970.91937625944,20012.211031232557,19994.189313305356,-46590.881408197114,-9992.4688561902,-9983.45968812972
0,"['Disposals BTRS', 'Disposals OTRS', 'Effective Disposals BTRS']",0.461323791044415,11325.78309439389,2423.488747215619,2429.7732445199617,92329.7136369522,19804.931691777245,19791.216189081588,19828.2050106294,19814.486126127504,-46162.8568184761,-9900.465845888622,-9893.608094540794
0,"['Disposals BTRS', 'Disposals OTRS', 'Effective Disposals BTRS', 'Effective Disposals OTRS', 'Kicks BTRS']",0.7442455611045666,9948.491011724516,2140.2473873456947,2136.6057512264415,90952.42155428283,19521.69033190732,19498.048695788068,19544.963650759477,19521.318632833983,-45474.210777141416,-9758.84516595366,-9747.024347894034
0,"['Disposals BTRS', 'Disposals OTRS', 'Effective Disposals BTRS', 'Effective Disposals OTRS', 'Kicks BTRS', 'Kicks OTRS']",0.8818099088957774,9903.931254880896,2126.047101338787,2124.406462296436,90907.86179743921,19507.490045900413,19485.849406858062,19530.76336475257,19509.119343903978,-45451.930898719605,-9751.745022950206,-9740.924703429031
0,"['Disposals BTRS', 'Disposals OTRS', 'Effective Disposals BTRS', 'Effective Disposals OTRS', 'Kicks BTRS', 'Kicks OTRS', 'Score Involvements BTRS']",1.019270367240431,7611.474072959201,1645.4674244091366,1621.2173696232785,88615.40461551752,19026.910368970763,18982.660314184905,19050.18368782292,19005.93025123082,-44305.70230775876,-9511.455184485381,-9489.330157092452
0,"['Disposals BTRS', 'Disposals OTRS', 'Effective Disposals BTRS', 'Handballs BTRS', 'Kicks BTRS']",0.7133262792331038,5335.344968300356,1158.0156360225774,1150.7437570497168,86339.27551085867,18539.458580584203,18512.186701611343,18562.73189943636,18535.45663865726,-43167.637755429336,-9267.729290292102,-9254.093350805671
0,"['Disposals BTRS', 'Disposals OTRS', 'Effective Disposals BTRS', 'Handballs BTRS', 'Kicks BTRS', 'Kicks OTRS']",0.8508906270243146,5301.804641034018,1153.0880893469584,1143.0486786839065,86305.73518359233,18534.531033908585,18504.491623245533,18557.80435276074,18527.76156029145,-43150.86759179617,-9265.265516954292,-9250.245811622766
0,"['Disposals BTRS', 'Disposals OTRS', 'Effective Disposals BTRS', 'Handballs BTRS', 'Kicks BTRS', 'Kicks OTRS', 'Score Involvements BTRS']",0.9883510853689684,5063.49894524079,1102.8959828926127,1088.1319623925556,86067.4294877991,18484.33892745424,18449.57490695418,18507.612246306395,18472.844844000098,-43031.71474389955,-9240.16946372712,-9222.78745347709
0,"['Disposals BTRS', 'Disposals OTRS', 'Effective Disposals BTRS', 'Hitouts OTRS', 'Kicks BTRS']",0.7298508217912363,2703.1696024310513,579.2928381503334,575.9002091990551,83707.10014498937,17960.73578271196,17937.34315376068,17984.009101564116,17960.613090806597,-41851.55007249468,-8978.36789135598,-8966.67157688034
0,"['Disposals BTRS', 'Disposals OTRS', 'Effective Disposals BTRS', 'Hitouts OTRS', 'Kicks BTRS', 'Kicks OTRS']",0.867415169582447,2700.5070584586356,580.3376424550079,576.7893269759843,83704.43760101695,17961.780587016634,17938.23227153761,17985.05390586879,17961.502208583526,-41850.218800508475,-8978.890293508317,-8967.116135768805
0,"['Disposals BTRS', 'Disposals OTRS', 'Effective Disposals BTRS', 'Hitouts OTRS', 'Kicks BTRS', 'Kicks OTRS', 'Score Involvements BTRS']",1.0048756279271007,2688.9026419043366,573.8414900768694,575.6691357125019,83692.83318446265,17955.284434638495,17937.112080274128,17978.55775349065,17960.382017320044,-41844.416592231326,-8975.642217319248,-8966.556040137064
0,"['Disposals BTRS', 'Disposals OTRS', 'Effective Disposals BTRS', 'Ineffective Disposals BTRS', 'Kicks BTRS']",0.7215497633528654,5430.539594970236,1172.55815827673,1199.8983741548327,86434.47013752855,18554.001102838356,18561.34131871646,18577.274421690512,18584.611255762375,-43215.235068764276,-9275.000551419178,-9278.67065935823
0,"['Disposals BTRS', 'Disposals OTRS', 'Effective Disposals BTRS', 'Ineffective Disposals BTRS', 'Kicks BTRS', 'Kicks OTRS']",0.8591141111440761,5411.766745215224,1170.0920160101705,1198.2693362546634,86415.69728777354,18551.534960571797,18559.71228081629,18574.808279423953,18582.982217862205,-43205.84864388677,-9273.767480285898,-9277.856140408145
0,"['Disposals BTRS', 'Disposals OTRS', 'Effective Disposals BTRS', 'Ineffective Disposals BTRS', 'Kicks BTRS', 'Kicks OTRS', 'Score Involvements BTRS']",0.9965745694887299,5174.779687486924,1122.532460837254,1137.7918168767683,86178.71023004524,18503.97540539888,18499.234761438394,18527.248724251036,18522.50469848431,-43087.35511502262,-9249.98770269944,-9247.617380719197
0,"['Disposals BTRS', 'Disposals OTRS', 'Effective Disposals BTRS', 'Ineffective Disposals OTRS', 'Kicks BTRS']",0.716465402250219,5441.288273828759,1178.971452973292,1187.8075703503127,86445.21881638707,18560.414397534918,18549.25051491194,18583.687716387074,18572.520451957855,-43220.60940819354,-9278.207198767459,-9272.62525745597
0,"['Disposals BTRS', 'Disposals OTRS', 'Effective Disposals BTRS', 'Ineffective Disposals OTRS', 'Kicks BTRS', 'Kicks OTRS']",0.8540297500414298,5435.833377668547,1178.2132651638058,1188.4806167384959,86439.76392022686,18559.656209725432,18549.923561300122,18582.929528577588,18573.193498346038,-43217.88196011343,-9277.828104862716,-9272.961780650061
0,"['Disposals BTRS', 'Disposals OTRS', 'Effective Disposals BTRS', 'Ineffective Disposals OTRS', 'Kicks BTRS', 'Kicks OTRS', 'Score Involvements BTRS']",0.9914902083860836,5182.830712418407,1124.2276255509787,1130.2052256496754,86186.76125497672,18505.670570112605,18491.6481702113,18528.94388896476,18514.918107257217,-43091.38062748836,-9250.835285056302,-9243.82408510565
0,"['Disposals BTRS', 'Disposals OTRS', 'Effective Disposals BTRS', 'Kicks BTRS']",0.6103948581503564,9980.989959498795,2145.5967433678125,2143.1206223759145,90984.92050205711,19527.03968792944,19504.56356693754,19550.313006781595,19527.833503983456,-45490.460251028555,-9761.51984396472,-9750.28178346877
0,"['Disposals BTRS', 'Disposals OTRS', 'Effective Disposals BTRS', 'Kicks BTRS', 'Kicks OTRS']",0.7479592059415672,9926.432911936718,2129.214925996461,2128.4186853605715,90930.36345449503,19510.657870558087,19489.861629922198,19533.931189410243,19513.131566968113,-45463.18172724752,-9753.328935279043,-9742.930814961099
0,"['Disposals BTRS', 'Disposals OTRS', 'Effective Disposals BTRS', 'Kicks BTRS', 'Kicks OTRS', 'Metres Gained BTRS']",0.8780719400785519,9325.919677835656,2004.0398474561262,2002.3146633407123,90329.85022039397,19385.482792017752,19363.75760790234,19408.75611086991,19387.027544948254,-45162.925110196986,-9690.741396008876,-9679.87880395117
0,"['Disposals BTRS', 'Disposals OTRS', 'Effective Disposals BTRS', 'Kicks BTRS', 'Kicks OTRS', 'Metres Gained BTRS', 'Score Involvements BTRS']",1.0155323984232056,7454.720162731101,1611.9822982219594,1586.867795946655,88458.65070528942,18993.425242783585,18948.31074050828,19016.69856163574,18971.580677554197,-44227.32535264471,-9494.712621391793,-9472.15537025414
0,"['Disposals BTRS', 'Disposals OTRS', 'Effective Disposals BTRS', 'Kicks BTRS', 'Kicks OTRS', 'Metres Gained OTRS']",0.8676759396274278,9413.116538126997,2023.080833378779,2024.1317543675286,90417.04708068531,19404.523777940405,19385.574698929155,19427.79709679256,19408.84463597507,-45206.523540342656,-9700.261888970203,-9690.787349464577
0,"['Disposals BTRS', 'Disposals OTRS', 'Effective Disposals BTRS', 'Kicks BTRS', 'Kicks OTRS', 'Metres Gained OTRS', 'Score Involvements BTRS']",1.0051363979720815,7465.827402543451,1616.8930009482647,1590.2371133012748,88469.75794510177,18998.33594550989,18951.6800578629,19021.609264362047,18974.949994908817,-44232.87897255088,-9497.167972754945,-9473.84002893145
0,"['Disposals BTRS', 'Disposals OTRS', 'Effective Disposals BTRS', 'Kicks BTRS', 'Kicks OTRS', 'Score Involvements BTRS']",0.885419664286221,7636.968031735669,1649.3842699824454,1628.5819037421788,88640.89857429398,19030.82721454407,18990.024848303805,19054.100533396228,19013.29478534972,-44318.44928714699,-9513.413607272036,-9493.012424151902
0,"['Disposals BTRS', 'Disposals OTRS', 'Effective Disposals BTRS', 'Kicks BTRS', 'Kicks OTRS', 'Score Involvements BTRS', 'Score Involvements OTRS']",0.9976730195864952,7418.800971815886,1597.7403348042244,1590.4610237953493,88422.7315143742,18979.18327936585,18951.903968356975,19002.456598218007,18975.17390540289,-44209.3657571871,-9487.591639682925,-9473.951984178488
0,"['Disposals BTRS', 'Disposals OTRS', 'Effective Disposals BTRS', 'Kicks BTRS', 'Kicks OTRS', 'Score Involvements BTRS', 'Turnovers OTRS']",0.9857637447643873,3325.9271108877,710.4925790223642,723.0210120389675,84329.85765344602,18091.93552358399,18084.463956600594,18115.208842436146,18107.73389364651,-42162.92882672301,-9043.967761791995,-9040.231978300297
0,"['Disposals BTRS', 'Disposals OTRS', 'Effective Disposals BTRS', 'Kicks BTRS', 'Kicks OTRS', 'Score Involvements BTRS', 'Uncontested Possessions BTRS']",1.0058010563793132,7312.383227607963,1585.374198271562,1560.9824974508883,88316.31377016628,18966.817142833188,18922.425442012514,18990.090461685344,18945.69537905843,-44156.15688508314,-9481.408571416594,-9459.212721006257
0,"['Disposals BTRS', 'Disposals OTRS', 'Effective Disposals BTRS', 'Kicks BTRS', 'Kicks OTRS', 'Score Involvements BTRS', 'Uncontested Possessions OTRS']",0.9928452812983942,7278.56041073316,1578.6645760700194,1555.0891007004248,88282.49095329148,18960.107520631645,18916.53204526205,18983.3808394838,18939.801982307967,-44139.24547664574,-9478.053760315823,-9456.266022631025
0,"['Disposals BTRS', 'Disposals OTRS', 'Effective Disposals BTRS', 'Kicks BTRS', 'Kicks OTRS', 'Score Involvements OTRS']",0.8602125612418414,7415.071236375006,1597.3429043563629,1589.2025698044126,88419.00177893332,18978.78584891799,18950.64551436604,19002.059167770145,18973.915451411955,-44207.50088946666,-9487.392924458994,-9473.32275718302
0,"['Disposals BTRS', 'Disposals OTRS', 'Effective Disposals BTRS', 'Kicks BTRS', 'Kicks OTRS', 'Turnovers OTRS']",0.8483032864197335,3305.2514538270043,704.8475905463238,714.4955464959203,84309.18199638532,18086.29053510795,18075.938491057546,18109.563853960106,18099.208428103462,-42152.59099819266,-9041.145267553975,-9035.969245528773
0,"['Disposals BTRS', 'Disposals OTRS', 'Effective Disposals BTRS', 'Kicks BTRS', 'Kicks OTRS', 'Uncontested Possessions BTRS']",0.8683405980346595,9508.910670227793,2028.3878332178647,2039.777314010149,90512.84121278611,19409.83077777949,19401.220258571775,19433.104096631647,19424.49019561769,-45254.420606393054,-9702.915388889745,-9698.610129285888
0,"['Disposals BTRS', 'Disposals OTRS', 'Effective Disposals BTRS', 'Kicks BTRS', 'Kicks OTRS', 'Uncontested Possessions OTRS']",0.8553848229537404,9473.72082656622,2019.3433174862985,2031.5470903085443,90477.65136912453,19400.786262047925,19392.99003487017,19424.05958090008,19416.259971916086,-45236.82568456227,-9698.393131023962,-9694.495017435085
0,"['Disposals BTRS', 'Disposals OTRS', 'Effective Disposals BTRS', 'Kicks BTRS', 'Metres Gained BTRS']",0.7405075922873412,9359.531492440263,2014.8595621615277,2012.892490240447,90363.46203499858,19396.302506723154,19374.335434802073,19419.57582557531,19397.60537184799,-45179.73101749929,-9696.151253361577,-9685.167717401036
0,"['Disposals BTRS', 'Disposals OTRS', 'Effective Disposals BTRS', 'Kicks BTRS', 'Metres Gained OTRS']",0.7301115918362171,9419.492072697481,2026.7048383238798,2026.9706085412654,90423.4226152558,19408.147782885506,19388.41355310289,19431.421101737662,19411.683490148807,-45209.7113076279,-9702.073891442753,-9692.206776551446
0,"['Disposals BTRS', 'Disposals OTRS', 'Effective Disposals BTRS', 'Kicks BTRS', 'Score Involvements BTRS']",0.7478553164950102,7699.974194816037,1665.5437915384937,1644.4712372737304,88703.90473737435,19046.98673610012,19005.914181835356,19070.260054952276,19029.184118881272,-44349.952368687176,-9521.49336805006,-9500.957090917678
0,"['Disposals BTRS', 'Disposals OTRS', 'Effective Disposals BTRS', 'Kicks BTRS', 'Score Involvements OTRS']",0.7226482134506307,7432.505482242021,1602.729126288952,1594.1586586558187,88436.43602480034,18984.172070850578,18955.601603217445,19007.445389702734,18978.87154026336,-44216.21801240017,-9490.086035425289,-9475.800801608722
0,"['Disposals BTRS', 'Disposals OTRS', 'Effective Disposals BTRS', 'Kicks BTRS', 'Turnovers OTRS']",0.7107389386285228,3308.00316259361,706.557667141311,715.0295170858626,84311.93370515193,18088.000611702937,18076.47246164749,18111.273930555093,18099.742398693405,-42153.96685257596,-9042.000305851469,-9036.236230823744
0,"['Disposals BTRS', 'Disposals OTRS', 'Effective Disposals BTRS', 'Kicks BTRS', 'Uncontested Possessions BTRS']",0.7307762502434487,9554.277246740123,2041.7186191490655,2051.7711805015897,90558.20778929844,19423.16156371069,19413.214125063216,19446.434882562848,19436.48406210913,-45277.10389464922,-9709.580781855346,-9704.607062531608
0,"['Disposals BTRS', 'Disposals OTRS', 'Effective Disposals BTRS', 'Kicks BTRS', 'Uncontested Possessions OTRS']",0.7178204751625296,9501.165117748169,2028.7281959551365,2038.4433756414473,90505.09566030648,19410.171140516763,19399.886320203073,19433.44445936892,19423.15625724899,-45250.54783015324,-9703.085570258381,-9697.943160101537
0,"['Disposals BTRS', 'Disposals OTRS', 'Effective Disposals OTRS']",0.4472442313984271,11304.32008260196,2419.5606258873668,2426.8358836507905,92308.25062516028,19801.003570448993,19788.278828212417,19824.27688930115,19811.548765258332,-46152.12531258014,-9898.501785224496,-9892.139414106208
0,"['Disposals BTRS', 'Disposals OTRS', 'Effective Disposals OTRS', 'Kicks BTRS']",0.5963152985043685,9975.8212555754,2147.330939899526,2142.173697676397,90979.75179813372,19528.773884461152,19503.616642238023,19552.04720331331,19526.88657928394,-45487.87589906686,-9762.386942230576,-9749.808321119011
0,"['Disposals BTRS', 'Disposals OTRS', 'Handballs BTRS']",0.4163249495269642,9687.522495319747,2070.30618657776,2078.6532313362695,90691.45303787806,19451.749131139386,19440.096175897896,19475.022449991542,19463.36611294381,-45343.72651893903,-9723.874565569693,-9718.048087948948
0,"['Disposals BTRS', 'Disposals OTRS', 'Handballs BTRS', 'Kicks BTRS']",0.5653960166329056,5351.548547874045,1161.9722401829822,1155.9027067178831,86355.47909043236,18543.41518474461,18517.34565127951,18566.688503596764,18540.615588325425,-43175.73954521618,-9269.707592372304,-9256.672825639755
0,"['Disposals BTRS', 'Disposals OTRS', 'Hitouts OTRS']",0.4328494920850967,2703.308797840087,579.5024849149486,576.884479683642,83707.2393403984,17960.945429476575,17938.327424245268,17984.21874832873,17961.597361291184,-41851.6196701992,-8978.472714738287,-8967.163712122634
0,"['Disposals BTRS', 'Disposals OTRS', 'Hitouts OTRS', 'Kicks BTRS']",0.5819205591910381,2703.7679445914546,579.2986045544312,576.2172773722959,83707.69848714977,17960.741549116057,17937.660221933922,17984.014867968213,17960.930158979838,-41851.849243574885,-8978.370774558029,-8966.830110966961
0,"['Disposals BTRS', 'Disposals OTRS', 'Ineffective Disposals BTRS']",0.42454843364672573,9092.914830968293,1957.6651769245655,1933.539891959972,90096.84537352661,19339.10812148619,19294.982836521598,19362.381440338348,19318.252773567514,-45046.422686763304,-9667.554060743096,-9645.491418260799
0,"['Disposals BTRS', 'Disposals OTRS', 'Ineffective Disposals BTRS', 'Kicks BTRS']",0.5736195007526672,8702.982392520717,1880.7753479866478,1852.0479111880813,89706.91293507903,19262.218292548274,19213.490855749707,19285.49161140043,19236.760792795623,-44851.456467539516,-9629.109146274137,-9604.745427874854
0,"['Disposals BTRS', 'Disposals OTRS', 'Ineffective Disposals OTRS']",0.41946407254407947,8983.507751023688,1934.8030728119666,1906.108010789314,89987.438293582,19316.246017373593,19267.55095535094,19339.51933622575,19290.820892396856,-44991.719146791,-9656.123008686796,-9631.77547767547
0,"['Disposals BTRS', 'Disposals OTRS', 'Ineffective Disposals OTRS', 'Kicks BTRS']",0.5685351396500209,8599.056956194458,1859.1150137408185,1825.774639451578,89602.98749875277,19240.557958302445,19187.217584013204,19263.8312771546,19210.48752105912,-44799.49374937639,-9618.278979151222,-9591.608792006602
0,"['Disposals BTRS', 'Disposals OTRS', 'Kicks BTRS']",0.4624645955501583,10742.531763474573,2310.411705264374,2301.864550334809,91746.46230603289,19691.854649826,19663.307494896435,19715.127968678156,19686.57743194235,-45871.231153016444,-9843.927324913,-9829.653747448217
0,"['Disposals BTRS', 'Disposals OTRS', 'Kicks BTRS', 'Kicks OTRS']",0.6000289433413691,10685.159455920104,2292.5471246388734,2285.55843206411,91689.08999847842,19673.9900692005,19647.001376625736,19697.263388052656,19670.271313671652,-45842.54499923921,-9834.99503460025,-9821.500688312868
0,"['Disposals BTRS', 'Disposals OTRS', 'Kicks BTRS', 'Metres Gained BTRS']",0.592577329687143,10037.152628541618,2159.516957468986,2159.667416439377,91041.08317109993,19540.959902030612,19521.110361001003,19564.23322088277,19544.38029804692,-45518.54158554997,-9768.479951015306,-9758.555180500502
0,"['Disposals BTRS', 'Disposals OTRS', 'Kicks BTRS', 'Metres Gained OTRS']",0.582181329236019,10111.631146151572,2171.135657133749,2172.948562388043,91115.56168870989,19552.578601695375,19534.39150694967,19575.85192054753,19557.661443995585,-45555.780844354944,-9774.289300847688,-9765.195753474834
0,"['Disposals BTRS', 'Disposals OTRS', 'Kicks BTRS', 'Score Involvements BTRS']",0.5999250538948121,8074.913148969601,1739.3338912250365,1716.8171027909702,89078.84369152792,19120.776835786663,19078.260047352596,19144.05015463882,19101.529984398512,-44537.42184576396,-9558.388417893331,-9537.130023676298
0,"['Disposals BTRS', 'Disposals OTRS', 'Kicks BTRS', 'Score Involvements OTRS']",0.5747179508504325,7800.807657167068,1676.7549737642912,1658.3651463188617,88804.73819972538,19058.197918325917,19019.808090880488,19081.471237178073,19043.078027926404,-44400.36909986269,-9527.098959162959,-9507.904045440244
0,"['Disposals BTRS', 'Disposals OTRS', 'Kicks BTRS', 'Turnovers OTRS']",0.5628086760283246,3356.7465674411505,715.5531784264567,725.308011299363,84360.67710999947,18096.996122988083,18086.75095586099,18120.26944184024,18110.020892906905,-42178.33855499973,-9046.498061494041,-9041.375477930495
0,"['Disposals BTRS', 'Disposals OTRS', 'Kicks BTRS', 'Uncontested Possessions BTRS']",0.5828459876432506,9974.781150974304,2135.9863312758207,2136.1749775039825,90978.71169353262,19517.429275837447,19497.61792206561,19540.702594689603,19520.887859111524,-45487.35584676631,-9756.714637918723,-9746.808961032804
0,"['Disposals BTRS', 'Disposals OTRS', 'Kicks BTRS', 'Uncontested Possessions OTRS']",0.5698902125623314,9933.069123758978,2125.4150747837703,2123.6784711435866,90936.9996663173,19506.858019345396,19485.121415705213,19530.131338197552,19508.39135275113,-45466.49983315865,-9751.429009672698,-9740.560707852606
0,"['Disposals BTRS', 'Disposals OTRS', 'Kicks OTRS']",0.4509578762354277,10714.22085073244,2296.211021408624,2289.735566627085,91718.15139329075,19677.65396597025,19651.17851118871,19700.927284822406,19674.448448234627,-45857.07569664538,-9836.826982985125,-9823.589255594356
0,"['Disposals BTRS', 'Disposals OTRS', 'Metres Gained BTRS']",0.4435062625812017,10123.105362342394,2177.358169326024,2179.631166153089,91127.03590490071,19558.80111388765,19541.074110714715,19582.074432739806,19564.34404776063,-45561.517952450355,-9777.400556943825,-9768.537055357358
0,"['Disposals BTRS', 'Disposals OTRS', 'Metres Gained OTRS']",0.43311026213007753,10248.492137812675,2197.8681061388525,2202.696322356027,91252.42268037099,19579.31105070048,19564.139266917653,19602.584369552635,19587.40920396357,-45624.211340185495,-9787.65552535024,-9780.069633458827
0,"['Disposals BTRS', 'Disposals OTRS', 'Score Involvements BTRS']",0.4508539867888707,8481.9216636395,1818.0862625793961,1797.4113373282344,89485.85220619781,19199.529207141022,19158.85428188986,19222.80252599318,19182.124218935776,-44740.92610309891,-9597.764603570511,-9577.42714094493
0,"['Disposals BTRS', 'Disposals OTRS', 'Score Involvements OTRS']",0.42564688374449106,8195.98035245914,1750.6967802801992,1732.5499889491402,89199.91089501746,19132.139724841825,19093.992933510766,19155.41304369398,19117.262870556682,-44597.95544750873,-9564.069862420913,-9544.996466755383
0,"['Disposals BTRS', 'Disposals OTRS', 'Turnovers OTRS']",0.41373760892238326,3450.2184853169165,734.946941515198,751.2150471341956,84454.14902787523,18116.389886076824,18112.65799169582,18139.66320492898,18135.927928741738,-42225.074513937616,-9056.194943038412,-9054.32899584791
0,"['Disposals BTRS', 'Disposals OTRS', 'Uncontested Possessions BTRS']",0.43377492053730915,10692.208178772169,2288.4260110013674,2296.283406701823,91696.13872133048,19669.868955562994,19657.72635126345,19693.14227441515,19680.996288309365,-45846.06936066524,-9832.934477781497,-9826.863175631725
0,"['Disposals BTRS', 'Disposals OTRS', 'Uncontested Possessions OTRS']",0.42081914545639,10660.736036086746,2280.885943649908,2287.4374715386293,91664.66657864506,19662.328888211534,19648.880416100255,19685.60220706369,19672.15035314617,-45830.33328932253,-9829.164444105767,-9822.440208050128
0,"['Disposals BTRS', 'Effective Disposals BTRS']",0.3090061451280257,11349.731374331357,2432.817331602946,2435.8135172877846,92353.66191688967,19814.260276164572,19797.25646184941,19837.53359501673,19820.526398895327,-46174.830958444836,-9905.130138082286,-9896.628230924705
0,"['Disposals BTRS', 'Effective Disposals OTRS']",0.2949265854820378,11327.147580152567,2423.4486624002675,2431.1172227307543,92331.07812271088,19804.891606961894,19792.56016729238,19828.16492581405,19815.830104338296,-46163.53906135544,-9900.445803480947,-9894.28008364619
0,"['Disposals BTRS', 'Handballs BTRS']",0.2640073036105749,9700.283088232172,2076.844811379018,2078.822525541851,90704.21363079049,19458.287755940644,19440.265470103477,19481.5610747928,19463.535407149393,-45350.106815395244,-9727.143877970322,-9718.132735051739
0,"['Disposals BTRS', 'Hitouts OTRS']",0.2805318461687074,2764.413860962857,593.4217298320837,590.5447170422158,83768.34440352117,17974.86467439371,17951.987661603842,17998.137993245866,17975.257598649758,-41882.172201760586,-8985.432337196855,-8973.993830801921
0,"['Disposals BTRS', 'Ineffective Disposals BTRS']",0.27223078773033643,9092.983184595229,1958.9721953837943,1934.0838093225939,90096.91372715354,19340.41513994542,19295.52675388422,19363.688458797576,19318.796690930136,-45046.45686357677,-9668.20756997271,-9645.76337694211
0,"['Disposals BTRS', 'Ineffective Disposals OTRS']",0.26714642662769017,8982.87884697954,1934.826570670688,1905.9387608853758,89986.80938953786,19316.269515232314,19267.381705447002,19339.54283408447,19290.651642492918,-44991.40469476893,-9656.134757616157,-9631.690852723501
0,"['Disposals BTRS', 'Kicks BTRS']",0.310146949633769,10751.119541445572,2314.6401459314584,2306.4633713759176,91755.05008400389,19696.083090493084,19667.906315937544,19719.35640934524,19691.17625298346,-45875.525042001944,-9846.041545246542,-9831.953157968772
0,"['Disposals BTRS', 'Kicks OTRS']",0.2986402303190384,10724.868698608887,2298.10039820111,2291.736532055922,91728.7992411672,19679.543342762736,19653.179476617548,19702.816661614892,19676.449413663464,-45862.3996205836,-9837.771671381368,-9824.589738308774
0,"['Disposals BTRS', 'Metres Gained BTRS']",0.2911886166648124,10124.811296001586,2178.568855755955,2180.6142306241454,91128.7418385599,19560.01180031758,19542.05717518577,19583.285119169737,19565.327112231687,-45562.37091927995,-9778.00590015879,-9769.028587592886
0,"['Disposals BTRS', 'Metres Gained OTRS']",0.28079261621368823,10256.085395824033,2199.183076447196,2204.3756767836276,91260.01593838235,19580.626021008822,19565.818621345254,19603.89933986098,19589.08855839117,-45628.007969191174,-9788.313010504411,-9780.909310672627
0,"['Disposals BTRS', 'Score Involvements BTRS']",0.2985363408724814,8535.192914769941,1835.0968096184479,1814.681395888605,89539.12345732826,19216.539754180074,19176.12434045023,19239.81307303223,19199.394277496147,-44767.56172866413,-9606.269877090037,-9586.062170225116
0,"['Disposals BTRS', 'Score Involvements OTRS']",0.27332923782810176,8193.830720153259,1750.7952398294037,1732.712916527791,89197.76126271157,19132.23818439103,19094.155861089417,19155.511503243186,19117.425798135333,-44596.88063135579,-9564.119092195515,-9545.077930544709
0,"['Disposals BTRS', 'Turnovers OTRS']",0.26141996300599396,3461.9888909819856,740.2631854336578,754.2704028719054,84465.9194335403,18121.706129995284,18115.71334743353,18144.97944884744,18138.983284479447,-42230.95971677015,-9058.853064997642,-9055.856673716766
0,"['Disposals BTRS', 'Uncontested Possessions BTRS']",0.28145727462091985,10706.11973601405,2293.319899524413,2300.302421895147,91710.05027857237,19674.76284408604,19661.745366456773,19698.036162938195,19685.01530350269,-45853.02513928618,-9835.38142204302,-9828.872683228386
0,"['Disposals BTRS', 'Uncontested Possessions OTRS']",0.2685014995400007,10680.509541007283,2285.54540404171,2292.427347309451,91684.4400835656,19666.988348603336,19653.870291871077,19690.261667455492,19677.140228916993,-45840.2200417828,-9831.494174301668,-9824.935145935538
0,['Disposals OTRS'],0.1523176459163893,12908.515939743069,2766.8343237383233,2765.641549154312,93912.44648230138,20148.27726829995,20127.084493715938,20171.550587152105,20150.354430761854,-46954.22324115069,-10072.138634149975,-10061.542246857969
0,['Effective Disposals BTRS'],0.14793026260019812,12022.165060259082,2571.7108203358403,2576.485641332056,93026.0956028174,19953.153764897466,19937.928585893682,19976.427083749622,19961.198522939598,-46511.0478014087,-9974.576882448733,-9966.964292946841
0,['Effective Disposals OTRS'],0.13385070295421023,12658.642263324058,2710.020725688675,2715.5090760567873,93662.57280588237,20091.4636702503,20076.952020618413,20114.736989102457,20100.22195766433,-46829.28640294119,-10043.73183512515,-10036.476010309207
0,['Handballs BTRS'],0.1029314210827473,11311.405134939516,2426.786551120007,2434.120603824733,92315.33567749783,19808.229495681633,19795.56354838636,19831.50281453379,19818.833485432275,-46155.667838748916,-9902.114747840817,-9895.78177419318
0,['Hitouts OTRS'],0.11945596364087979,7724.35483298004,1646.2630726872012,1653.656174146996,88728.28537553835,19027.706017248827,19015.099118708622,19050.979336100983,19038.369055754538,-44362.14268776918,-9511.853008624414,-9505.549559354311
0,['Ineffective Disposals BTRS'],0.11115490520250884,11468.49457963981,2471.27447601749,2455.605999407333,92472.42512219812,19852.717420579116,19817.04894396896,19875.990739431272,19840.318881014875,-46234.21256109906,-9924.358710289558,-9906.52447198448
0,['Ineffective Disposals OTRS'],0.10607054409986257,12233.77159474908,2634.179592729517,2617.1930180413146,93237.7021373074,20015.622537291143,19978.63596260294,20038.8958561433,20001.905899648857,-46616.8510686537,-10005.811268645572,-9987.31798130147
0,['Kicks BTRS'],0.14907106710594142,12037.951666259454,2580.492148767891,2577.894064894921,93041.88220881777,19961.935093329517,19939.337009456547,19985.208412181673,19962.606946502463,-46518.941104408885,-9978.967546664759,-9967.668504728274
0,['Kicks OTRS'],0.1375643477912108,12718.431157361934,2726.7485009765405,2724.5981686202686,93722.36169992025,20108.191445538167,20086.041113181895,20131.464764390323,20109.31105022781,-46859.180849960125,-10052.095722769083,-10041.020556590947
0,['Metres Gained BTRS'],0.1301127341369848,11780.238919464886,2522.8128045647027,2522.1691677280432,92784.1694620232,19904.25574912633,19883.61211228967,19927.529067978485,19906.882049335585,-46390.0847310116,-9950.127874563164,-9939.806056144835
0,['Metres Gained OTRS'],0.11971673368586067,12472.307589290198,2671.8915274613864,2672.6306726366347,93476.23813184851,20053.334472023012,20034.07361719826,20076.60779087517,20057.343554244177,-46736.11906592426,-10024.667236011506,-10015.03680859913
0,['Score Involvements BTRS'],0.13746045834465379,11853.765346928893,2549.9963458373422,2542.097794047506,92857.69588948721,19931.43929039897,19903.540738609132,19954.712609251124,19926.810675655048,-46426.847944743604,-9963.719645199484,-9949.770369304566
0,['Score Involvements OTRS'],0.11225335530027417,12334.306532043993,2656.1277734158866,2645.947060144066,93338.23707460231,20037.570717977513,20007.390004705692,20060.84403682967,20030.659941751608,-46667.118537301154,-10016.785358988756,-10001.695002352846
0,['Turnovers OTRS'],0.10034408047816636,8386.775658313738,1779.734488107155,1799.479707369781,89390.70620087205,19161.17743266878,19160.922651931407,19184.450751520937,19184.192588977323,-44693.35310043603,-9578.58871633439,-9578.461325965704
